"","x"
"1","A0R5M8"
"2","Q852M1"
"3","P86982"
"4","A0R4R3"
"5","Q08499"
"6","Q803V5"
"7","Q28DB5"
"8","Q502J0"
"9","Q5ZIJ9"
"10","Q08D11"
"11","Q8K385"
"12","O15085"
"13","Q61210"
"14","Q7M456"
"15","P42680"
"16","Q8TDB6"
"17","P02556"
"18","Q0II59"
"19","Q8W1X2"
"20","Q7ZW86"
"21","Q7PPU9"
"22","Q8VCR2"
"23","P06235"
"24","Q9H251"
"25","Q8N0X7"
"26","O02695"
"27","P22682"
"28","Q5PU49"
"29","P83099"
"30","Q7TT49"
"31","Q9Y6F1"
"32","Q9YH58"
"33","P70549"
"34","Q5SYL3"
"35","Q6JQN1"
"36","P24367"
"37","Q32LJ4"
"38","Q09506"
"39","P36609"
"40","Q5FVR2"
"41","B0BM24"
"42","O08688"
"43","Q8TE73"
"44","Q24799"
"45","Q90578"
"46","Q9US38"
"47","A9JRD8"
"48","Q08DJ5"
"49","A6NEE1"
"50","Q7Z0T3"
"51","Q9V5N8"
"52","Q5RC19"
"53","Q8BNA6"
"54","A3KN33"
"55","P58195"
"56","Q39575"
"57","P39057"
"58","Q8TDW7"
"59","Q00WL5"
"60","Q5RHP9"
"61","Q32L50"
"62","Q32KJ6"
"63","Q98943"
"64","Q03567"
"65","Q4V8U5"
"66","Q6PB70"
"67","Q19905"
"68","O02373"
"69","Q3T000"
"70","Q4V8D1"
"71","Q5U316"
"72","Q6NYU7"
"73","B0UZC8"
"74","Q6GQN7"
"75","P0C6F1"
"76","O14936"
"77","Q2YDR3"
"78","Q8TC29"
"79","Q7Z3G6"
"80","O35115"
"81","O88947"
"82","Q5U3U3"
"83","Q8BGG7"
"84","P23098"
"85","Q0IIE2"
"86","P15870"
"87","P62255"
"88","A4FV08"
"89","P12261"
"90","Q6XIM8"
"91","P07909"
"92","P48810"
"93","Q86FP7"
"94","Q8ISP0"
"95","Q9YIC0"
"96","Q8ISN9"
"97","P08570"
"98","P48159"
"99","P49395"
"100","Q02543"
"101","O61462"
"102","P31674"
"103","Q9W237"
"104","P27075"
"105","Q94613"
"106","Q9Y4C8"
"107","Q9BUT9"
"108","P62315"
"109","Q86WU2"
"110","Q0P4Q4"
"111","Q9LEB4"
"112","Q6P616"
"113","Q460N5"
"114","Q803G5"
"115","Q60648"
"116","Q96QU1"
"117","P97363"
"118","Q4KKZ1"
"119","Q0Z7S8"
"120","A6QQL5"
"121","O93574"
"122","P37806"
"123","Q91W90"
"124","Q8R1F6"
"125","P25286"
"126","Q8IWF2"
"127","P26990"
"128","P18239"
"129","Q54K00"
"130","Q4KM52"
"131","O60879"
"132","P59764"
"133","Q8BUR4"
"134","O74227"
"135","P20241"
"136","Q24K02"
"137","Q767I8"
"138","Q96CU9"
"139","Q28FE4"
"140","Q8BI17"
"141","O43639"
"142","Q06124"
"143","Q9Z254"
"144","Q502K3"
"145","Q24372"
"146","O16025"
"147","P49696"
"148","Q5BKM3"
"149","O70589"
"150","P22756"
"151","Q54PR9"
"152","Q8BP40"
"153","Q8TAM2"
"154","Q60716"
"155","Q04448"
"156","P55214"
"157","Q63356"
"158","Q96T66"
"159","Q9HAN9"
"160","P02552"
"161","Q5SUV5"
"162","Q9UJU6"
"163","P15891"
"164","Q0P4W3"
"165","Q99J82"
"166","Q8WWN8"
"167","O75689"
"168","Q9NYQ6"
"169","Q7K4B6"
"170","Q9NZJ4"
"171","Q9C098"
"172","Q6YKA8"
"173","Q6GM29"
"174","Q5TZ24"
"175","Q9NGQ2"
"176","F8WLE0"
"177","Q8CI95"
"178","Q6ZRR9"
"179","Q0IHF9"
"180","Q01968"
"181","Q1EG27"
"182","Q14517"
"183","Q91X52"
"184","P18106"
"185","Q95KR7"
"186","P98077"
"187","A8E657"
"188","Q8IVI9"
"189","Q96T49"
"190","Q68EK7"
"191","Q05975"
"192","P42577"
"193","B0BLT4"
"194","B0YN54"
"195","P50430"
"196","A0LNW5"
"197","O27502"
"198","P83425"
"199","Q9QWN8"
"200","O75165"
"201","Q8K0U4"
"202","P37892"
"203","Q01406"
"204","Q9V9J3"
"205","Q07113"
"206","P33450"
"207","P16086"
"208","Q29503"
"209","Q8C5H1"
"210","Q32M45"
"211","Q14AT5"
"212","Q9GMT4"
"213","Q5XHC1"
"214","Q90593"
"215","Q5PPV3"
"216","O88801"
"217","P59267"
"218","Q7ZXB8"
"219","Q0WYX8"
"220","Q3TGF2"
"221","Q27433"
"222","P25228"
"223","P07291"
"224","P00185"
"225","Q1LUK1"
"226","O97902"
"227","Q6P8G1"
"228","Q6P0V6"
"229","P29691"
"230","Q90Z10"
"231","P61314"
"232","P67985"
"233","A3RLT6"
"234","Q25117"
"235","Q9UUY8"
"236","P62864"
"237","Q1HPL8"
"238","Q9U5P1"
"239","O02654"
"240","Q505J9"
"241","Q5R9C7"
"242","Q66HY8"
"243","O16277"
"244","O94443"
"245",""
"246","P43378"
"247","Q06725"
"248","P34616"
"249","Q24292"
"250","Q9Y345"
"251","Q9BX70"
"252","Q92504"
"253","Q8BWZ3"
"254","A0MZ67"
"255","O74304"
"256","Q29502"
"257","Q6DKC0"
"258","O55057"
"259","Q8BWW9"
"260","B5XE27"
"261","Q8YV57"
"262","Q99932"
"263","P55786"
"264","Q5M7F8"
"265","Q7REH6"
"266","Q9UHP6"
"267","A0JMA9"
"268","Q60841"
"269","O77404"
"270","P56941"
"271","O35778"
"272","Q9N2D1"
"273","Q9D0F3"
"274","Q13813"
"275","Q99550"
"276","P20713"
"277","Q6CBI8"
"278","Q6ZMW3"
"279","O93327"
"280","Q0P5H1"
"281","Q5R9T5"
"282","Q9XWB9"
"283","A1XQX0"
"284","Q53G44"
"285","P14885"
"286","Q7JQD3"
"287","Q17R14"
"288","O35303"
"289","Q9W4E2"
"290","Q24400"
"291","Q9JMA7"
"292","O18404"
"293","Q8ISC9"
"294","O15305"
"295","P51648"
"296","P25553"
"297","P38942"
"298","P55196"
"299","Q8BMP6"
"300","O15943"
"301","P95896"
"302","Q92005"
"303","Q26487"
"304","Q8N6N2"
"305","Q96MM6"
"306","Q8CBW3"
"307","P47967"
"308","P52183"
"309","Q5ZI11"
"310","P80928"
"311","Q8NF91"
"312","Q9H977"
"313","Q4I7X1"
"314","Q13177"
"315","P90893"
"316","Q9Y282"
"317","Q9JHA8"
"318","P77735"
"319","Q9NYC9"
"320","Q5R9K8"
"321","O54922"
"322","Q9BUN8"
"323","P14002"
"324","A0JPQ7"
"325","Q8N9M1"
"326","P83852"
"327","Q9NUQ9"
"328","Q86GC8"
"329","Q1JQE6"
"330","Q0P5B7"
"331","P02640"
"332","Q7ZYC4"
"333","Q72YK9"
"334","P51688"
"335","Q92051"
"336","Q27504"
"337","Q9I7U4"
"338","Q86YV6"
"339","O02827"
"340","Q8CHD8"
"341","Q5F356"
"342","Q6IR75"
"343","Q562C6"
"344","Q8N3Y7"
"345","P41226"
"346","A0AVT1"
"347","Q969R2"
"348","Q66KB0"
"349","P61082"
"350","Q6DF78"
"351","P81140"
"352","Q95M12"
"353","Q8N2C3"
"354","Q91WS7"
"355","P07607"
"356","O95140"
"357","Q27294"
"358","P36576"
"359","P49407"
"360","P20397"
"361","Q95M18"
"362","P62870"
"363","Q5ZHN4"
"364","O75695"
"365","Q60668"
"366","P49355"
"367","P54802"
"368","P55854"
"369","O08573"
"370","Q00872"
"371","P24495"
"372","B5RI54"
"373","O75897"
"374","Q8R0F8"
"375","Q5RAY0"
"376","O81635"
"377","Q1HR36"
"378","P21953"
"379","P97393"
"380","O57590"
"381","Q09JW2"
"382","P14046"
"383","O77302"
"384","P55935"
"385","P60901"
"386","Q963B7"
"387","Q5RA31"
"388","Q8HXX6"
"389","Q6DCP1"
"390","Q91653"
"391","D3Z750"
"392","Q54F23"
"393","P90789"
"394","Q9W141"
"395","P18258"
"396","Q9Y6D5"
"397","Q9JIT3"
"398","Q5XJR6"
"399","Q7SXN5"
"400","Q0V8R6"
"401","Q5VTT2"
"402","B2DFG5"
"403","Q5R7A8"
"404","Q8BGT5"
"405","Q9MB95"
"406","Q91Z53"
"407","P37801"
"408","Q9BVG8"
"409","Q9VCA9"
"410","Q8IUS5"
"411","O88488"
"412","P23468"
"413","P43146"
"414","P21670"
"415","Q64471"
"416","Q9H0E2"
"417","Q9VUX2"
"418","Q9UHG3"
"419","P20072"
"420","Q62829"
"421","Q4P5N0"
"422","A1A5H8"
"423","P42689"
"424","P08103"
"425","Q5RE15"
"426","Q9BYV1"
"427","Q9Y673"
"428","P02637"
"429","P78560"
"430","P84029"
"431","A8XZB0"
"432","Q03344"
"433","Q969Q5"
"434","Q14624"
"435","O01367"
"436","Q6P3Q6"
"437","Q3SZ85"
"438","Q5R931"
"439","O57592"
"440","P06603"
"441","B4JTV9"
"442","Q7XA40"
"443","Q2YGT9"
"444","P49165"
"445","Q6TNP8"
"446","Q6DH23"
"447","Q5R9I9"
"448","P07686"
"449","Q96L92"
"450","Q9WTR6"
"451","Q5RCS8"
"452","Q5FWN8"
"453","Q8WWF6"
"454","Q8NDA8"
"455","Q9VCU9"
"456","Q99J87"
"457","Q9CQ92"
"458","Q9Z2Z9"
"459","P15882"
"460","P24733"
"461","P49824"
"462","Q5VZQ5"
"463","Q9UI43"
"464","B3DLH6"
"465","O97490"
"466","Q02942"
"467","P22297"
"468","Q2HJ57"
"469","Q8VEH8"
"470","P86786"
"471","Q2TBP0"
"472","P35280"
"473","Q9I925"
"474","Q9QW30"
"475","Q9R172"
"476","Q9NYQ7"
"477","Q9HCU4"
"478","Q6TUG0"
"479","Q8VDI9"
"480","Q5U2V4"
"481","Q9UPX8"
"482","A7RR34"
"483","Q32L09"
"484","Q9Y2M2"
"485","Q7Z7A1"
"486","Q9XZ71"
"487","A4IFD0"
"488","Q3IMW0"
"489","O96907"
"490","Q00537"
"491","Q9ERI6"
"492","Q9JLC8"
"493","Q00169"
"494","A8E5W8"
"495","O00567"
"496","Q5ZK44"
"497","Q8BTY2"
"498","P0CR76"
"499","Q5ZJQ7"
"500","Q8VBT0"
"501","Q5EAJ7"
"502","Q008S8"
"503","Q03412"
"504","Q0VD27"
"505","Q6PDL0"
"506","Q62504"
"507","Q9D581"
"508","Q7ZWJ3"
"509","Q63362"
"510","Q2LZZ7"
"511","Q6P877"
"512","Q08093"
"513","Q13637"
"514","Q96RF0"
"515","Q9UNF0"
"516","F1M7Y5"
"517","Q6BLJ9"
"518","Q5R8M1"
"519","P52486"
"520","Q96DR7"
"521","Q8R1V4"
"522","D3ZTX0"
"523","Q9BW91"
"524","Q6PB03"
"525","Q9CWK8"
"526","Q8CE50"
"527","P56597"
"528","P55954"
"529","P98078"
"530","Q9Z1Z3"
"531","Q8CHU3"
"532","Q8BLR2"
"533","Q09221"
"534","Q0MQA6"
"535","Q80ZI6"
"536","Q8C854"
"537","P54646"
"538","O94168"
"539","Q9JJT0"
"540","B1H283"
"541","Q0MQD6"
"542","Q504A5"
"543","Q4FZY0"
"544","Q04861"
"545","Q01433"
"546","O80452"
"547","P15274"
"548","Q6ZWR6"
"549","P12075"
"550","O75340"
"551","P49914"
"552","Q59HJ6"
"553","Q5R1W5"
"554","Q80X90"
"555","Q8VHX6"
"556","Q02357"
"557","Q969N2"
"558","P20740"
"559","Q53FZ2"
"560","Q9LQ12"
"561","P23004"
"562","Q01082"
"563","Q7SIG4"
"564","Q5R837"
"565","O70566"
"566","Q68EM7"
"567","Q8SPH5"
"568","Q62313"
"569","P50904"
"570","Q4KLF8"
"571","O96064"
"572","Q9H9H4"
"573","Q5ZMU6"
"574","P61258"
"575","Q91ZU6"
"576","Q9UBQ7"
"577","Q6GNT7"
"578","O75431"
"579","Q9NW13"
"580","Q6DGA6"
"581","Q6YHK3"
"582","Q9UKZ1"
"583","Q96PF2"
"584","Q8BXN9"
"585","Q7TNV0"
"586","Q96LR7"
"587","O19175"
"588","Q8BK63"
"589","Q9BX51"
"590","P07314"
"591","Q6P0D7"
"592","Q8BVD5"
"593","Q9WV34"
"594","Q14168"
"595","P26932"
"596","Q13148"
"597","B2AWV6"
"598","P54928"
"599","P20456"
"600","Q29RM3"
"601","Q32LG5"
"602","Q9BH05"
"603","O88848"
"604","Q9V3D2"
"605","Q9P2E3"
"606","Q8C1B2"
"607","P24668"
"608","Q182S8"
"609","Q64520"
"610","A0FGR8"
"611","Q7ZWU7"
"612","Q6NRL2"
"613","Q9P209"
"614","Q92783"
"615","Q3SZA1"
"616","Q9VND8"
"617","O57594"
"618","Q9D0I8"
"619","P30628"
"620","Q09918"
"621","Q09675"
"622","P52193"
"623","Q9H254"
"624","P13796"
"625","Q1RM35"
"626","P49916"
"627","P0CB92"
"628","Q5RBF2"
"629","Q2EJA0"
"630","Q9SKR2"
"631","Q9R0N7"
"632","Q9QXE5"
"633","P81004"
"634","P34121"
"635","P62282"
"636","Q16932"
"637","Q8BH24"
"638","P60868"
"639","P46782"
"640","Q64270"
"641","Q7Z6B7"
"642","Q9BE31"
"643","A0JJX5"
"644","Q69ZN7"
"645","Q9C0G6"
"646","P55859"
"647","O81077"
"648","P05183"
"649","Q8BJ64"
"650","Q4R5J4"
"651","Q5RKI9"
"652","Q3SWY2"
"653","Q5ZLT0"
"654","O75935"
"655","Q0P5A1"
"656","P98199"
"657","Q29RK9"
"658","P91891"
"659","P80108"
"660","Q01989"
"661","B2RTY4"
"662","A4K526"
"663","O60476"
"664","Q962X9"
"665","O15990"
"666","O15989"
"667","Q68CZ1"
"668","P57088"
"669","Q502K2"
"670","Q965W1"
"671","Q8STF0"
"672","P62997"
"673","P02594"
"674","P07746"
"675","Q8IYX7"
"676","P11464"
"677","Q9DCR2"
"678","A6H782"
"679","Q9D0B6"
"680","P28663"
"681","Q6P6S4"
"682","Q9QZD8"
"683","O34660"
"684","Q9QY53"
"685","Q5RAT5"
"686","Q62651"
"687","P27639"
"688","Q4E162"
"689","Q8BTU1"
"690","P55745"
"691","P84104"
"692","O54873"
"693","Q64674"
"694","P06280"
"695","Q4R550"
"696","Q5RBU7"
"697","Q2PFX5"
"698","Q5I085"
"699","Q39610"
"700","Q0MQC1"
"701","P22232"
"702","B2B9A1"
"703","Q6ZNA5"
"704","Q9P0K9"
"705","P28757"
"706","O73872"
"707","O88278"
"708","B2KI42"
"709","Q5ZL74"
"710","Q02365"
"711","P92177"
"712","Q2T9T0"
"713","Q6P3G4"
"714","P19174"
"715","P0CB96"
"716","Q32QL6"
"717","Q28DH0"
"718","Q9CX98"
"719","Q64737"
"720","Q9PU47"
"721","P50607"
"722","Q5R9I6"
"723","Q6PF15"
"724","Q27968"
"725","P55770"
"726","B7PY76"
"727","Q5TJF5"
"728","P50429"
"729","O00338"
"730","Q9MYP6"
"731","Q02369"
"732","Q7Z4H8"
"733","Q8BYB9"
"734","Q2TBP4"
"735","P56965"
"736","O46037"
"737","Q04615"
"738","Q08E02"
"739","Q08893"
"740","P01023"
"741","Q17QN3"
"742","Q0MQE6"
"743","Q60432"
"744","P11654"
"745","Q6P791"
"746","Q6AYJ3"
"747","Q99MU5"
"748","Q13895"
"749","Q62270"
"750","P41241"
"751","O73792"
"752","P22607"
"753","Q3ZBD0"
"754","Q9D0B0"
"755","Q8VE97"
"756","P26686"
"757","Q23121"
"758","Q9Y6J8"
"759","A4QND0"
"760","Q58DA0"
"761","A2VD00"
"762","Q6PCR7"
"763","P00125"
"764","P00129"
"765","O01393"
"766","P27169"
"767","Q6ZWJ8"
"768","Q9H720"
"769","Q95KV7"
"770","Q16TM5"
"771","Q9NEL2"
"772","O60264"
"773","P62958"
"774","O93477"
"775","O08848"
"776","Q641Y2"
"777","Q3UM45"
"778","O00303"
"779","Q2KN96"
"780","Q99LM3"
"781","P78417"
"782","Q6IQ20"
"783","P51397"
"784","P27701"
"785","Q4JIJ3"
"786","O60749"
"787","Q0IJ35"
"788","Q5BLE8"
"789","P21334"
"790","Q75J93"
"791","P48555"
"792","P51824"
"793","Q9IBG7"
"794","Q8N8E3"
"795","Q9GKN7"
"796","Q641F3"
"797","A4F4L4"
"798","B0WEV5"
"799","Q96RW7"
"800","Q91048"
"801","Q8HZK2"
"802","Q3KNJ2"
"803","P50411"
"804","A8Y5T1"
"805","Q9NZT1"
"806","Q7ZWD4"
"807","Q16222"
"808","P70470"
"809","Q92260"
"810","F4JMJ1"
"811","Q05558"
"812","Q7ZUW2"
"813","Q9VNL4"
"814","P48055"
"815","P28571"
"816","O73930"
"817","Q07460"
"818","Q9DGK4"
"819","O75167"
"820","A6QQP7"
"821","Q03203"
"822","Q08D64"
"823","Q32KL4"
"824","Q04832"
"825","O95671"
"826","P07290"
"827","Q5XIP4"
"828","Q9UMX0"
"829","Q3TZZ7"
"830","B6ETT4"
"831","O30409"
"832","Q9QUJ7"
"833","Q6GL69"
"834","Q8NEG2"
"835","A8MXQ7"
"836","P33477"
"837","P20073"
"838","Q6GPQ6"
"839","O14523"
"840","Q9Y426"
"841","Q15061"
"842","Q25008"
"843","Q6P7Q4"
"844","Q14642"
"845","Q3KQ80"
"846","Q6GLE1"
"847","Q5REV5"
"848","P0C6S7"
"849","Q92625"
"850","Q3V1H9"
"851","Q5XGB9"
"852","Q94EI3"
"853","Q9QYU1"
"854","P30683"
"855","Q5PRF0"
"856","O42998"
"857","Q9UJY5"
"858","P22892"
"859","P86221"
"860","Q9GKL8"
"861","Q8MP06"
"862","P35479"
"863","P08199"
"864","Q66II8"
"865","O43399"
"866","P55327"
"867","Q5PQP1"
"868","Q3ZBP3"
"869","B4MM23"
"870","Q8YTC2"
"871","Q76B49"
"872","Q12680"
"873","Q5U367"
"874","Q62785"
"875","Q9GKX6"
"876","P40801"
"877","Q99PL6"
"878","Q8VBT9"
"879","Q0VDD8"
"880","Q96JB1"
"881","Q91WL5"
"882","Q5XI32"
"883","Q6UW63"
"884","A7MBH5"
"885","Q96A72"
"886","Q3T077"
"887","P17130"
"888","Q8TDY8"
"889","H2A0L8"
"890","Q9UJZ1"
"891","Q5ZKQ3"
"892","Q8C460"
"893","Q8IYW2"
"894","P78509"
"895","P63245"
"896","Q9H3P7"
"897","P48601"
"898","Q58CU2"
"899","Q9VI75"
"900","O55012"
"901","Q9CUL5"
"902","Q98SP7"
"903","Q9NFT7"
"904","Q5ZLM0"
"905","O02367"
"906","Q95NR9"
"907","Q8I7T3"
"908","Q01373"
"909","Q8VCC1"
"910","Q9Z2K9"
"911","Q4V7B5"
"912","Q8VBV7"
"913","Q865F1"
"914","O08601"
"915","P18426"
"916","P82147"
"917","Q5RA42"
"918","Q9BUJ2"
"919","Q91VR5"
"920","Q8VDM6"
"921","Q9VRV7"
"922","Q9D7M1"
"923","Q5R6S0"
"924","Q80T79"
"925","Q6NZC7"
"926","D2XV59"
"927","Q869C3"
"928","A5PJ65"
"929","Q5XIU9"
"930","Q96T60"
"931","Q9H4K1"
"932","Q5R9Z1"
"933","Q5ZM11"
"934","O95563"
"935","Q7T3F7"
"936","Q9SE33"
"937","Q2PZI1"
"938","Q7SZS2"
"939","Q9N1T2"
"940","Q6DKE0"
"941","Q96AB6"
"942","Q96GK7"
"943","Q6GLT8"
"944","Q60855"
"945","Q96G03"
"946","Q54EN4"
"947","Q9D1Q6"
"948","Q4R3C7"
"949","Q6PDN3"
"950","Q97Z97"
"951","Q8WZ42"
"952","Q14324"
"953","O46581"
"954","Q7M3Y3"
"955","A7SE07"
"956","P37223"
"957","Q8BMF3"
"958","A2BD83"
"959","Q6P2Y1"
"960","P50919"
"961","O77458"
"962","Q5E956"
"963","Q1MTI4"
"964","Q58DS3"
"965","Q02978"
"966","P42232"
"967","Q62009"
"968","A5A7I8"
"969","P25071"
"970","P26256"
"971","B5FZ19"
"972","O15116"
"973","Q92542"
"974","Q9VC27"
"975","P40307"
"976","B2RYG6"
"977","P22061"
"978","Q92047"
"979","O35490"
"980","Q501J6"
"981","A7TTT5"
"982","Q4PRC2"
"983","Q09332"
"984","Q9NZ32"
"985","Q8CJH3"
"986","Q60847"
"987","P55083"
"988","Q96RK4"
"989","Q22472"
"990","Q26481"
"991","Q58DT4"
"992","Q94521"
"993","Q86YJ7"
"994","Q6PD24"
"995","Q6DG99"
"996","Q9CZJ2"
"997","Q90577"
"998","Q0IIC4"
"999","Q9HA38"
"1000","Q0VD35"
"1001","Q28EG9"
"1002","O80925"
"1003","Q8N6T3"
"1004","Q6AY09"
"1005","P31942"
"1006","O95881"
"1007","O97341"
"1008","Q2TBN5"
"1009","Q5E9T4"
"1010","O69060"
"1011","Q9NAM7"
"1012","P57113"
"1013","P30946"
"1014","Q61W58"
"1015","P30047"
"1016","Q9Z2U1"
"1017","Q67ZM4"
"1018","P47845"
"1019","Q498K0"
"1020","Q3T0C9"
"1021","Q9Y4F1"
"1022","Q7Z6J6"
"1023","P40925"
"1024","P08051"
"1025","Q5RG45"
"1026","Q5E968"
"1027","P32018"
"1028","Q02388"
"1029","Q8WN95"
"1030","A7S1L6"
"1031","O02776"
"1032","Q9NX08"
"1033","Q29496"
"1034","Q5NVD0"
"1035","P62286"
"1036","D3ZR10"
"1037","P62297"
"1038","Q5FVQ4"
"1039","A4K2V0"
"1040","Q5U2X2"
"1041","Q9N2W7"
"1042","A1A4Q2"
"1043","P80229"
"1044","Q9GZ71"
"1045","P42636"
"1046","P56603"
"1047","P18298"
"1048","Q2PFW9"
"1049","Q6PAJ1"
"1050","Q810N6"
"1051","Q5TZF3"
"1052","O75521"
"1053","Q9CPT4"
"1054","Q68FT1"
"1055","Q9QWG7"
"1056","Q5R8R1"
"1057","P32320"
"1058","Q9BXB4"
"1059","P46013"
"1060","O14880"
"1061","Q9QYG6"
"1062","Q9D0P0"
"1063","Q9BY08"
"1064","Q0VCN3"
"1065","Q9D8T7"
"1066","Q5R5W2"
"1067","P27600"
"1068","Q6DJE4"
"1069","Q5PQ44"
"1070","Q8CHY6"
"1071","Q8VHR5"
"1072","Q99068"
"1073","O77819"
"1074","Q80UW5"
"1075","Q28021"
"1076","P70335"
"1077","P61584"
"1078","Q4R4R0"
"1079","A1ZA47"
"1080","Q2M389"
"1081","P26624"
"1082","Q92621"
"1083","Q54I79"
"1084","P85515"
"1085","Q3BCR0"
"1086","P31421"
"1087","Q2YDG0"
"1088","P25773"
"1089","P05993"
"1090","Q9NUP1"
"1091","Q5ZK63"
"1092","Q93RV9"
"1093","P52503"
"1094","P26038"
"1095","P34100"
"1096","P49071"
"1097","Q15418"
"1098","P08018"
"1099","Q6NV34"
"1100","Q8BHH2"
"1101","Q40787"
"1102","A9UMP7"
"1103","Q2KIU7"
"1104","Q4V7C6"
"1105","Q5RA96"
"1106","Q5PQQ9"
"1107","Q6S003"
"1108","O35817"
"1109","P83941"
"1110","B1AY13"
"1111","Q5BJJ7"
"1112","P51650"
"1113","O70497"
"1114","Q9WTS8"
"1115","Q15637"
"1116","Q4WXV6"
"1117","Q99PV0"
"1118","Q3TVW5"
"1119","Q5E951"
"1120","P97742"
"1121","Q8N0W5"
"1122","P53367"
"1123","Q05609"
"1124","P30151"
"1125","O43040"
"1126","Q24562"
"1127","P97343"
"1128","P21575"
"1129","Q08DF4"
"1130","Q55AX0"
"1131","Q6PK57"
"1132","Q58D31"
"1133","Q8BG94"
"1134","P17713"
"1135","P25007"
"1136","P28517"
"1137","Q96WV0"
"1138","P30162"
"1139","Q9D3D9"
"1140","P0AF48"
"1141","Q9BW27"
"1142","O09111"
"1143","Q13630"
"1144","Q96EV8"
"1145","Q5D016"
"1146","Q6PCJ1"
"1147","Q9D7J9"
"1148","Q4J9D2"
"1149","P56395"
"1150","Q20681"
"1151","Q57951"
"1152","Q9D6P8"
"1153","Q9Z1N0"
"1154","D4ACN8"
"1155","P85834"
"1156","Q6GQN0"
"1157","Q7ZU42"
"1158","Q5F418"
"1159","Q5UR67"
"1160","P47194"
"1161","O95831"
"1162","A6QR55"
"1163","Q9Y4E8"
"1164","Q08BC4"
"1165","Q9UHL4"
"1166","Q9JLZ3"
"1167","Q812D3"
"1168","Q5E9X2"
"1169","A0JMY4"
"1170","P50867"
"1171","Q5R4H4"
"1172","Q8TE67"
"1173","O00533"
"1174","Q05024"
"1175","Q5XH14"
"1176","P48463"
"1177","Q3B8M3"
"1178","P22629"
"1179","Q04870"
"1180","Q12280"
"1181","O00899"
"1182","P46940"
"1183","Q55AR6"
"1184","Q1L8L9"
"1185","Q9D939"
"1186","A7MB28"
"1187","Q08623"
"1188","Q5BN46"
"1189","Q08857"
"1190","Q502L2"
"1191","Q99JL1"
"1192","Q9Y4P9"
"1193","Q2T9W6"
"1194","O08795"
"1195","Q9D9W1"
"1196","Q2TBS4"
"1197","P25782"
"1198","P07711"
"1199","Q8BYM7"
"1200","Q5BK63"
"1201","P25788"
"1202","Q3T058"
"1203","O11780"
"1204","P60899"
"1205","Q9BXS5"
"1206","Q96M60"
"1207","Q28653"
"1208","Q9BVL4"
"1209","P52654"
"1210","Q5RB68"
"1211","Q80WA4"
"1212","O42254"
"1213","Q7SXP8"
"1214","P09487"
"1215","P05044"
"1216","Q8N9B4"
"1217","Q9D2J7"
"1218","Q5U4Q6"
"1219","Q9H4A6"
"1220","Q5I0H4"
"1221","Q58E03"
"1222","Q52I78"
"1223","Q05040"
"1224","O94560"
"1225","A5D7H2"
"1226","Q9WUC8"
"1227","P15428"
"1228","P52209"
"1229","Q9CWY3"
"1230","B0VX69"
"1231","Q8BN59"
"1232","Q8CF97"
"1233","Q8CDG3"
"1234","Q5ZIF1"
"1235","Q5ZIU3"
"1236","Q8SR86"
"1237","Q92630"
"1238","Q26630"
"1239","Q28619"
"1240","P96576"
"1241","Q2YY85"
"1242","P67063"
"1243","A1RP78"
"1244","Q6GGU0"
"1245","Q8BTV1"
"1246","Q571E4"
"1247","P05090"
"1248","Q96EB6"
"1249","Q75WF2"
"1250","Q9QZK9"
"1251","Q9UQ16"
"1252","Q08013"
"1253","O35648"
"1254","Q9DBS8"
"1255","P25804"
"1256","Q14315"
"1257","P21333"
"1258","Q8C8H8"
"1259","Q9CXS4"
"1260","Q69L99"
"1261","Q15853"
"1262","Q7SYN5"
"1263","Q8T5C6"
"1264","O16305"
"1265","Q964D9"
"1266","O43149"
"1267","Q9DC53"
"1268","Q9SS90"
"1269","Q96FN4"
"1270","O70468"
"1271","Q23551"
"1272","Q90233"
"1273","Q15746"
"1274","Q9SZ53"
"1275","Q93YS2"
"1276","P49596"
"1277","A7Z035"
"1278","Q28XE2"
"1279","Q8BG18"
"1280","P20488"
"1281","B4M375"
"1282","Q6IMH0"
"1283","Q11179"
"1284","Q6FQU5"
"1285","Q5WR10"
"1286","Q4R5L5"
"1287","P23819"
"1288","P19491"
"1289","Q94516"
"1290","Q9BLG0"
"1291","Q01490"
"1292","P00508"
"1293","Q28205"
"1294","Q55G93"
"1295","Q9BTW9"
"1296","P84169"
"1297","P50226"
"1298","P36425"
"1299","Q7T0Y4"
"1300","P74148"
"1301","Q9PTW9"
"1302","Q03958"
"1303","P35520"
"1304","P32582"
"1305","Q6DDY9"
"1306","P18421"
"1307","P46507"
"1308","Q5R3I4"
"1309","Q8HXM1"
"1310","A7MBL8"
"1311","A9UMS3"
"1312","Q6PBA8"
"1313","Q96GQ7"
"1314","Q2HEB0"
"1315","Q6DTM3"
"1316","P52899"
"1317","Q5WRN3"
"1318","Q6GN98"
"1319","Q54271"
"1320","P19178"
"1321","O15084"
"1322","P32348"
"1323","P20802"
"1324","P18700"
"1325","Q16943"
"1326","Q5E9K3"
"1327","C1C4R8"
"1328","O43447"
"1329","Q96L03"
"1330","Q9NAD6"
"1331","P42226"
"1332","P52632"
"1333","B1AVY7"
"1334","Q92569"
"1335","Q08DN7"
"1336","P15498"
"1337","Q60992"
"1338","P52735"
"1339","P00522"
"1340","Q13588"
"1341","A6QLK6"
"1342","Q8UUU2"
"1343","P10686"
"1344","P54100"
"1345","Q45FX5"
"1346","Q5R685"
"1347","Q66II3"
"1348","Q9Z0R4"
"1349","P87379"
"1350","Q8TCU6"
"1351","O00459"
"1352","O42287"
"1353","Q6DCF6"
"1354","A8QL52"
"1355","O34363"
"1356","B0VXW0"
"1357","O09032"
"1358","P52912"
"1359","Q93W34"
"1360","P70318"
"1361","Q07984"
"1362","Q66KB9"
"1363","Q8NBK3"
"1364","O69671"
"1365","Q8VEM8"
"1366","Q7TMK9"
"1367","P53442"
"1368","Q7ZTZ2"
"1369","Q69VD9"
"1370","P35815"
"1371","Q6ETK3"
"1372","Q7T2E3"
"1373","P49674"
"1374","Q6IND7"
"1375","O18373"
"1376","Q8BK67"
"1377","Q2F637"
"1378","Q8R3N6"
"1379","Q8N0N3"
"1380","P14618"
"1381","Q9UBB5"
"1382","Q9Y3I0"
"1383","Q01460"
"1384","Q01458"
"1385","Q06441"
"1386","P35445"
"1387","P15019"
"1388","Q93092"
"1389","Q5RBP9"
"1390","Q5RF32"
"1391","Q6CFI3"
"1392","Q5TDH0"
"1393","Q8WTU0"
"1394","A0JPP7"
"1395","P11064"
"1396","P42519"
"1397","Q6NZW8"
"1398","Q2TA38"
"1399","Q6DGS3"
"1400","Q95266"
"1401","Q00168"
"1402","Q7TNJ7"
"1403","Q8RWL2"
"1404","Q24210"
"1405","Q6DFB8"
"1406","Q2KID6"
"1407","O94788"
"1408","Q29491"
"1409","Q5BJU7"
"1410","Q5F413"
"1411","Q91WT4"
"1412","Q2KI83"
"1413","Q5R7L7"
"1414","Q7ZYD5"
"1415","Q95J53"
"1416","O18757"
"1417","Q6NYZ6"
"1418","Q8IZ02"
"1419","Q9DAM1"
"1420","Q99523"
"1421","Q8WMH2"
"1422","O62763"
"1423","Q9BQE4"
"1424","Q5NVQ1"
"1425","Q6NVU2"
"1426","P55061"
"1427","Q5ZML3"
"1428","Q0V9J0"
"1429","Q9Y394"
"1430","P07237"
"1431","Q9VQ62"
"1432","A5DF78"
"1433","Q5RBP4"
"1434","P53042"
"1435","Q922S4"
"1436","Q80Y75"
"1437","Q5R5Z5"
"1438","Q3T0V9"
"1439","Q11067"
"1440","Q8IXB1"
"1441","Q554G3"
"1442","Q9Y6G5"
"1443","O54990"
"1444","O54786"
"1445","Q6RY07"
"1446","Q13231"
"1447","Q9W303"
"1448","Q8FTH8"
"1449","P43125"
"1450","O46606"
"1451","Q7LKZ6"
"1452","O94830"
"1453","Q32NR4"
"1454","P50214"
"1455","Q58991"
"1456","Q9FMT1"
"1457","P41565"
"1458","P41564"
"1459","Q68FK8"
"1460","C3YDS7"
"1461","Q92616"
"1462","Q9VW71"
"1463","Q5R6K8"
"1464","O60271"
"1465","Q58A65"
"1466","P34609"
"1467","Q29EP6"
"1468","Q9GQF1"
"1469","Q7ZUQ3"
"1470","O54748"
"1471","P38024"
"1472","Q96D05"
"1473","Q66JD1"
"1474","P06766"
"1475","A1D4K4"
"1476","B3M3R5"
"1477","Q4VXU2"
"1478","A2Q848"
"1479","Q28GD4"
"1480","O95260"
"1481","Q55EI0"
"1482","A7H303"
"1483","O96952"
"1484","P16332"
"1485","Q9H0P0"
"1486","Q9D1C2"
"1487","Q8NEA4"
"1488","P22129"
"1489","Q9U4L6"
"1490","Q8BZJ8"
"1491","P16924"
"1492","P41732"
"1493","Q51567"
"1494","Q8X097"
"1495","Q91V92"
"1496","O13907"
"1497","P80148"
"1498","A2BFC9"
"1499","Q96RU3"
"1500","Q6GNV5"
"1501","Q55CK2"
"1502","Q08CS6"
"1503","Q98ST7"
"1504","Q9P289"
"1505","Q9CR16"
"1506","P09917"
"1507","Q9Y2B0"
"1508","Q96RG2"
"1509","P47812"
"1510","Q4PNJ1"
"1511","P76536"
"1512","Q9UHD2"
"1513","Q6DFJ6"
"1514","Q9WUN2"
"1515","Q95JY5"
"1516","Q16875"
"1517","Q91309"
"1518","P46549"
"1519","O88664"
"1520","O76387"
"1521","Q6ETN3"
"1522","Q99NB1"
"1523","Q9W265"
"1524","Q17EN4"
"1525","P54116"
"1526","Q3SZL5"
"1527","Q9X248"
"1528","P50164"
"1529","Q937L4"
"1530","Q54WZ5"
"1531","Q8BX57"
"1532","Q8RXN4"
"1533","A2VDC2"
"1534","B5XF11"
"1535","Q5R7G6"
"1536","Q8CHP8"
"1537","Q8AVY8"
"1538","Q7ZVX6"
"1539","A0JMW6"
"1540","Q8JZL3"
"1541","O01761"
"1542","P11799"
"1543","B2RC85"
"1544","Q56YP2"
"1545","P13127"
"1546","Q9W2N0"
"1547","Q3ZBG9"
"1548","Q3SZP0"
"1549","Q95M17"
"1550","Q9BZP6"
"1551","Q5R9L3"
"1552","Q9FMP5"
"1553","Q99260"
"1554","Q1KME6"
"1555","P0C6P0"
"1556","P56652"
"1557","Q00719"
"1558","P51957"
"1559","P11837"
"1560","P25323"
"1561","Q924X7"
"1562","Q6TEN1"
"1563","Q5R651"
"1564","Q8AVQ3"
"1565","P07902"
"1566","Q03249"
"1567","Q5VZK9"
"1568","Q3UFQ8"
"1569","Q03427"
"1570","Q4R899"
"1571","Q2HJH1"
"1572","O42993"
"1573","A7MBP4"
"1574","Q8BTH8"
"1575","Q8C4X2"
"1576","Q62761"
"1577","P78368"
"1578","Q5NVI9"
"1579","Q8CDN6"
"1580","Q942L2"
"1581","Q5RBJ7"
"1582","P93107"
"1583","Q8N0X2"
"1584","P16641"
"1585","Q28ID3"
"1586","Q5UQ13"
"1587","Q3V096"
"1588","Q9NXR5"
"1589","Q99470"
"1590","Q0III3"
"1591","P58389"
"1592","Q3MHN0"
"1593","Q6PC91"
"1594","P08059"
"1595","P16621"
"1596","Q64605"
"1597","Q9DE26"
"1598","Q5TC84"
"1599","Q803A8"
"1600","O95714"
"1601","Q8BZZ3"
"1602","O07399"
"1603","P21158"
"1604","Q5D018"
"1605","Q3T168"
"1606","Q16956"
"1607","Q6B4U9"
"1608","B4F7A7"
"1609","Q5FWP9"
"1610","Q5U508"
"1611","P24329"
"1612","P97532"
"1613","P54814"
"1614","Q5G266"
"1615","Q6INX4"
"1616","Q5TYV0"
"1617","E1BD59"
"1618","Q0IHH1"
"1619","Q6DBY2"
"1620","Q9UKX7"
"1621","Q9BUJ0"
"1622","Q9FVI2"
"1623","P62343"
"1624","Q91YS8"
"1625","A8X6H4"
"1626","E9Q1U1"
"1627","Q6TFL3"
"1628","Q5E9P9"
"1629","P34897"
"1630","P55162"
"1631","Q13867"
"1632","P04630"
"1633","O01391"
"1634","P07858"
"1635","P31478"
"1636","Q9DCT2"
"1637","P60670"
"1638","P61210"
"1639","O00909"
"1640","P51644"
"1641","Q503V9"
"1642","Q1KKT4"
"1643","Q9C0E8"
"1644","Q7TQ95"
"1645","A8XK26"
"1646","Q1LZB9"
"1647","Q1RLY6"
"1648","Q7ZVA6"
"1649","Q9SQV1"
"1650","Q5ZIR1"
"1651","Q6IFY7"
"1652","Q28D16"
"1653","Q3UMF9"
"1654","Q95RI5"
"1655","F7E235"
"1656","F7B645"
"1657","Q94360"
"1658","Q05187"
"1659","Q5RAU0"
"1660","P55821"
"1661","P13668"
"1662","Q5T0F9"
"1663","Q6P1N0"
"1664","Q9JI85"
"1665","Q8AVR4"
"1666","O01971"
"1667","Q5ZLN0"
"1668","Q28034"
"1669","Q5JGM7"
"1670","Q8VBV4"
"1671","P87053"
"1672","Q9Y297"
"1673","Q96M32"
"1674","Q66KC4"
"1675","A4J0S6"
"1676","Q11M18"
"1677","P27653"
"1678","D2HBV9"
"1679","Q8IVU9"
"1680","Q96NN9"
"1681","Q9U308"
"1682","A2ASS6"
"1683","Q7DFU6"
"1684","O67802"
"1685","Q68FR2"
"1686","Q5RDN3"
"1687","Q8VX13"
"1688","Q2KIL5"
"1689","P13667"
"1690","P00275"
"1691","Q5I0H9"
"1692","P70168"
"1693","Q24537"
"1694","P15170"
"1695","Q9UIV1"
"1696","P15651"
"1697","Q9VW26"
"1698","Q5U4F6"
"1699","P49354"
"1700","O60052"
"1701","O24304"
"1702","Q5XI42"
"1703","P30907"
"1704","Q6PD03"
"1705","Q28654"
"1706","H3BS89"
"1707","Q9DGQ7"
"1708","P56182"
"1709","Q62920"
"1710","Q3SYZ8"
"1711","Q91VS8"
"1712","O18601"
"1713","Q9HCI6"
"1714","Q03342"
"1715","Q7ZTP2"
"1716","P02582"
"1717","P18603"
"1718","Q92193"
"1719","P12431"
"1720","Q26065"
"1721","P86700"
"1722","P84856"
"1723","P30172"
"1724","Q55EU6"
"1725","O93400"
"1726","P12716"
"1727","Q7RPB4"
"1728","Q6NVA9"
"1729","P30170"
"1730","Q25010"
"1731","Q8WQ47"
"1732","Q3MHH4"
"1733","P07152"
"1734","Q99542"
"1735","P83510"
"1736","Q924I2"
"1737","Q23280"
"1738","P79800"
"1739","Q5XK91"
"1740","Q9QZ73"
"1741","Q9QXE7"
"1742","Q9D7H2"
"1743","Q95RJ9"
"1744","A3E4D8"
"1745","P42325"
"1746","P79398"
"1747","P21265"
"1748","A0JM12"
"1749","Q9H074"
"1750","Q9QXG4"
"1751","O09174"
"1752","P70473"
"1753","Q9D172"
"1754","P12276"
"1755","Q78EG7"
"1756","Q8IRR5"
"1757","E2RDZ6"
"1758","Q5U3U0"
"1759","B3PI89"
"1760","Q9VXE5"
"1761","Q91447"
"1762","P0CP26"
"1763","Q9Y2X3"
"1764","Q5R5X0"
"1765","O00461"
"1766","Q7TP17"
"1767","Q92485"
"1768","P53590"
"1769","Q01105"
"1770","P38542"
"1771","P97275"
"1772","Q9D411"
"1773","Q7ZVR6"
"1774","Q08890"
"1775","Q5RBR8"
"1776","O15975"
"1777","Q96JQ2"
"1778","Q99L04"
"1779","Q6Q7J2"
"1780","P29294"
"1781","P27864"
"1782","A0MTA1"
"1783","Q99PW8"
"1784","P46873"
"1785","Q96MU7"
"1786","B2RR83"
"1787","Q60649"
"1788","Q6UWX4"
"1789","A2VE52"
"1790","Q5ZMS3"
"1791","Q26304"
"1792","Q969V4"
"1793","Q3SZ71"
"1794","Q5ZLT7"
"1795","P55041"
"1796","Q6IPM2"
"1797","Q0VFN8"
"1798","Q6ZWL3"
"1799","P41932"
"1800","P42700"
"1801","Q61425"
"1802","P76083"
"1803","Q9RVG1"
"1804","Q4QQW8"
"1805","Q9XWV2"
"1806","A6H8J1"
"1807","P10111"
"1808","P41105"
"1809","A4W960"
"1810","Q2EMV9"
"1811","Q9WYX8"
"1812","Q29RI9"
"1813","Q4S2L4"
"1814","Q6WAU1"
"1815","P48758"
"1816","Q3T0T7"
"1817","Q9H095"
"1818","Q6GNN8"
"1819","Q5XGW6"
"1820","Q86XE3"
"1821","B1H2N3"
"1822","Q8IYU8"
"1823","D2HZB0"
"1824","P98203"
"1825","Q60865"
"1826","Q8VYA5"
"1827","Q54BM3"
"1828","O43772"
"1829","P62323"
"1830","Q5PQ71"
"1831","Q29L80"
"1832","Q9DAK2"
"1833","Q24020"
"1834","P45897"
"1835","Q5PQR5"
"1836","P15690"
"1837","Q7T2A5"
"1838","A7SDW5"
"1839","Q9VTU4"
"1840","Q63699"
"1841","Q9V0D5"
"1842","P34022"
"1843","Q8K370"
"1844","Q5T4S7"
"1845","Q6PEI7"
"1846","Q5XHA8"
"1847","Q93DW6"
"1848","P13086"
"1849","Q15149"
"1850","P30427"
"1851","Q9QXS1"
"1852","P15924"
"1853","E9Q557"
"1854","Q6DDU8"
"1855","Q5ZK92"
"1856","Q60QD1"
"1857","O16098"
"1858","Q64319"
"1859","Q01780"
"1860","P31396"
"1861","Q99758"
"1862","Q6DIZ0"
"1863","Q63638"
"1864","P56276"
"1865","Q5DTJ9"
"1866","A2AAJ9"
"1867","Q9Z2J4"
"1868","Q15772"
"1869","Q86TC9"
"1870","A7RWC9"
"1871","C3YWU0"
"1872","Q5I0A0"
"1873","Q5R8R5"
"1874","Q5M8Y1"
"1875","P53809"
"1876","P45478"
"1877","Q9UIF3"
"1878","Q25490"
"1879","Q9U943"
"1880","Q41005"
"1881","Q920A6"
"1882","Q0VD48"
"1883","Q15428"
"1884","P17276"
"1885","Q2TA16"
"1886","Q9D2V7"
"1887","P57737"
"1888","Q00808"
"1889","B4NWI1"
"1890","Q8K1J6"
"1891","Q8CGZ0"
"1892","Q7L2H7"
"1893","Q27889"
"1894","Q9LEV0"
"1895","Q6NWC6"
"1896","Q6NVF9"
"1897","P13221"
"1898","P48741"
"1899","A5A8V7"
"1900","P16121"
"1901","Q66I75"
"1902","Q8BK64"
"1903","Q55DB6"
"1904","Q99L13"
"1905","Q21734"
"1906","Q8BSK8"
"1907","O43930"
"1908","Q9ULM6"
"1909","Q6CEJ6"
"1910","O35593"
"1911","Q9DC48"
"1912","P02542"
"1913","P16275"
"1914","P90901"
"1915","P11833"
"1916","Q9NFZ7"
"1917","Q3UMM4"
"1918","Q0VCS9"
"1919","P41824"
"1920","Q7QG73"
"1921","Q12028"
"1922","C3YFB4"
"1923","A6NMZ7"
"1924","Q5VV43"
"1925","Q99JW2"
"1926","Q8T773"
"1927","Q95LS7"
"1928","Q3UKJ7"
"1929","Q498M4"
"1930","Q8WXW3"
"1931","P36397"
"1932","P34727"
"1933","P13804"
"1934","F1R6N4"
"1935","P15927"
"1936","Q53FA7"
"1937","Q9WU40"
"1938","Q5XIN9"
"1939","Q0VBY3"
"1940","Q5ZI23"
"1941","P25975"
"1942","Q26636"
"1943","P06797"
"1944","Q9STL4"
"1945","Q40143"
"1946","B5FYY5"
"1947","P81274"
"1948","Q96AY4"
"1949","Q9LQK9"
"1950","Q68FX0"
"1951","P28758"
"1952","Q5JVL4"
"1953","Q9VXK6"
"1954","P02207"
"1955","P41261"
"1956","P41262"
"1957","B6LI37"
"1958","Q6DFI2"
"1959","P23687"
"1960","P17625"
"1961","Q8VCB3"
"1962","Q9VFC8"
"1963","Q9MZ34"
"1964","Q9NZJ6"
"1965","B0UAV0"
"1966","O75844"
"1967","Q24247"
"1968","P53708"
"1969","Q9W1M8"
"1970","C4A0P0"
"1971","Q2PC93"
"1972","A4QND5"
"1973","P26045"
"1974","Q9WV92"
"1975","Q02083"
"1976","P25867"
"1977","Q8IWF7"
"1978","P22105"
"1979","D5CE05"
"1980","B4JG34"
"1981","P17980"
"1982","Q8K2X1"
"1983","O43390"
"1984","P38656"
"1985","Q8TF05"
"1986","P53395"
"1987","P11182"
"1988","P12694"
"1989","O97125"
"1990","Q0VCL3"
"1991","Q2H427"
"1992","Q4PJX1"
"1993","O14095"
"1994","Q0IHI3"
"1995","Q9P2K3"
"1996","Q6IP50"
"1997","Q922Y1"
"1998","Q6GL77"
"1999","Q6NXA9"
"2000","Q9Y5B9"
"2001","Q9HCD5"
"2002","O43747"
"2003","P24463"
"2004","Q0U1G2"
"2005","A3LXL0"
"2006","P23246"
"2007","Q3MHX3"
"2008","Q8BL97"
"2009","P73133"
"2010","P80147"
"2011","O74874"
"2012","Q6L8Q7"
"2013","Q3TDQ1"
"2014","Q2KJI2"
"2015","Q54NE6"
"2016","Q5SSW2"
"2017","Q63639"
"2018","Q6P047"
"2019","Q2NL11"
"2020","Q54TR1"
"2021","Q95NN1"
"2022","A6NFN3"
"2023","O43251"
"2024","Q95KI0"
"2025","Q9JJ43"
"2026","Q7ZT82"
"2027","Q5NVN8"
"2028","A6QPR6"
"2029","Q5R5C9"
"2030","Q2PFU1"
"2031","Q8MPM1"
"2032","Q5RC32"
"2033","Q8R5C8"
"2034","P80317"
"2035","Q06205"
"2036","Q66H94"
"2037","Q32PA9"
"2038","Q6NY77"
"2039","Q9DBG7"
"2040","Q9XSJ0"
"2041","P91929"
"2042","Q5UQG7"
"2043","P23438"
"2044","Q6UXX5"
"2045","Q6P7W0"
"2046","Q9GZR1"
"2047","O35551"
"2048","P31319"
"2049","Q8TF77"
"2050","Q9UJ70"
"2051","O95487"
"2052","A8XV95"
"2053","Q21253"
"2054","Q29261"
"2055","P26443"
"2056","P55065"
"2057","P18428"
"2058","Q96T37"
"2059","P21872"
"2060","P16554"
"2061","Q5R5I4"
"2062","Q9Z0R6"
"2063","O54916"
"2064","Q3T0E8"
"2065","A0AUR5"
"2066","Q8NA69"
"2067","Q9UTA8"
"2068","Q86XH1"
"2069","Q5RB37"
"2070","O60573"
"2071","P97576"
"2072","A7ZEB6"
"2073","Q95LN2"
"2074","Q55E26"
"2075","Q9YHT2"
"2076","O62703"
"2077","Q9NP81"
"2078","Q9DE27"
"2079","O23320"
"2080","Q9UJS0"
"2081","P02597"
"2082","Q12482"
"2083","Q75AH6"
"2084","Q5ZK10"
"2085","O89110"
"2086","Q66T72"
"2087","Q9Y3E1"
"2088","Q505F5"
"2089","Q8R081"
"2090","O83041"
"2091","Q04467"
"2092","Q9JKJ9"
"2093","P79152"
"2094","Q64409"
"2095","P97615"
"2096","Q91YR7"
"2097","A0LMC1"
"2098","Q05086"
"2099","Q9NX63"
"2100","Q7ZXY0"
"2101","Q08DG6"
"2102","Q98TX3"
"2103","Q5HYA8"
"2104","Q2NL57"
"2105","O88600"
"2106","Q99J09"
"2107","Q7ZYQ6"
"2108","Q8BXR9"
"2109","Q8IYX4"
"2110","A0JM51"
"2111","Q5R9H4"
"2112","Q5M868"
"2113","Q60972"
"2114","Q8AVX1"
"2115","Q54YC4"
"2116","Q60HE9"
"2117","Q1ZXI8"
"2118","Q9R1P4"
"2119","Q8IXK0"
"2120","Q91642"
"2121","Q9JM76"
"2122","Q5R504"
"2123","Q9NQL2"
"2124","Q1AWB4"
"2125","Q043G9"
"2126","Q2KJG3"
"2127","Q5R4V4"
"2128","Q9HBI1"
"2129","Q7SYI5"
"2130","Q7K237"
"2131","Q08BL3"
"2132","O35900"
"2133","Q15811"
"2134","Q9UKU7"
"2135","Q9D7B6"
"2136","Q62384"
"2137","Q9CPU4"
"2138","Q9JLI3"
"2139","Q969T9"
"2140","P81178"
"2141","O96081"
"2142","Q174R2"
"2143","B3M1E1"
"2144","P51116"
"2145","Q8J1G7"
"2146","O15066"
"2147","P46871"
"2148","Q9RU32"
"2149","Q9LK34"
"2150","Q9NWZ5"
"2151","P55039"
"2152","Q8WW12"
"2153","P79896"
"2154","P69341"
"2155","Q5RAR6"
"2156","Q99541"
"2157","Q7KZF4"
"2158","Q9NVX2"
"2159","Q8VCM8"
"2160","Q8NCN5"
"2161","Q7RXA6"
"2162","P0C1I9"
"2163","P23787"
"2164","P11024"
"2165","Q8WW35"
"2166","Q8IXY8"
"2167","O44757"
"2168","Q99MY8"
"2169","Q90941"
"2170","Q5BKL0"
"2171","Q5EA20"
"2172","P10155"
"2173","P53992"
"2174","P82933"
"2175","B0BNE5"
"2176","O08651"
"2177","P07098"
"2178","Q5ZI51"
"2179","Q6DMN8"
"2180","Q6UWY0"
"2181","Q32KJ9"
"2182","P43304"
"2183","P35244"
"2184","O95786"
"2185","P40071"
"2186","Q6NXR0"
"2187","Q7ZX96"
"2188","P34077"
"2189","Q0P5A2"
"2190","Q6PDG5"
"2191","Q11004"
"2192","P24368"
"2193","P97789"
"2194","Q7SXV9"
"2195","Q4R585"
"2196","O88813"
"2197","P86832"
"2198","P51569"
"2199","Q9UJ83"
"2200","Q9WVA3"
"2201","P07742"
"2202","Q4R979"
"2203","P12270"
"2204","Q7SZE5"
"2205","Q9D662"
"2206","Q9JID6"
"2207","Q9EQX4"
"2208","Q14697"
"2209","Q9BE70"
"2210","A4IFC4"
"2211","Q924M7"
"2212","Q83KZ1"
"2213","Q5R6W5"
"2214","P45985"
"2215","Q96DY2"
"2216","Q60803"
"2217","Q6IWL4"
"2218","Q13114"
"2219","O00463"
"2220","Q54NN4"
"2221","Q54C11"
"2222","Q13077"
"2223","Q9Y5B8"
"2224","Q9PTR5"
"2225","Q42384"
"2226","Q9Z0F4"
"2227","Q7F9U3"
"2228","P38117"
"2229","Q54ZW0"
"2230","Q9DBU0"
"2231","Q6NWX7"
"2232","O14727"
"2233","Q8BGF3"
"2234","Q8BJW6"
"2235","Q7ZY11"
"2236","Q6PG31"
"2237","Q64514"
"2238","Q64560"
"2239","P72186"
"2240","Q4G061"
"2241","P49137"
"2242","Q99963"
"2243","Q62420"
"2244","Q9BX66"
"2245","Q99962"
"2246","Q3SX40"
"2247","O35413"
"2248","Q62417"
"2249","A7SLW1"
"2250","O15382"
"2251","Q4R4Q3"
"2252","O02485"
"2253","O76373"
"2254","A9JRL3"
"2255","Q6QHF9"
"2256","Q6GN29"
"2257","Q6PA06"
"2258","Q96J94"
"2259","A6N7Y9"
"2260","Q5R4I3"
"2261","A2AQ19"
"2262","Q5F3A2"
"2263","P30568"
"2264","A6NNT2"
"2265","Q9H0J4"
"2266","Q9CY66"
"2267","P25708"
"2268","Q27567"
"2269","P35821"
"2270","A2ARV4"
"2271","Q4R642"
"2272","Q21086"
"2273","Q6P4W5"
"2274","Q8MT06"
"2275","P12370"
"2276","P21901"
"2277","Q5T848"
"2278","E1BBQ2"
"2279","B5X0W9"
"2280","Q5T1M5"
"2281","Q54SR7"
"2282","O74191"
"2283","P65764"
"2284","Q5PQR6"
"2285","Q5R4R4"
"2286","B2GAI0"
"2287","Q5ZJK8"
"2288","Q96KP4"
"2289","Q3ULD5"
"2290","Q7TPH6"
"2291","O75592"
"2292","C8YR32"
"2293","P12815"
"2294","Q9VWP4"
"2295","Q497Q6"
"2296","P52014"
"2297","Q27774"
"2298","Q8NCX0"
"2299","P52555"
"2300","Q9CZY3"
"2301","Q9H1K1"
"2302","P34152"
"2303","P25439"
"2304","Q3TKT4"
"2305","Q9DBL1"
"2306","Q06248"
"2307","Q91233"
"2308","P41827"
"2309","Q5XIM4"
"2310","Q5R4X4"
"2311","Q8WZK0"
"2312","P49756"
"2313","Q92643"
"2314","Q9JLJ2"
"2315","Q5FVA9"
"2316","Q38942"
"2317","O42860"
"2318","Q0U1B1"
"2319","Q4V7Y7"
"2320","Q6GPJ5"
"2321","Q9NRD1"
"2322","Q5B3I8"
"2323","Q86UA1"
"2324","P39682"
"2325","O35796"
"2326","P63100"
"2327","P35251"
"2328","P35601"
"2329","Q9D273"
"2330","Q9BZE4"
"2331","P84100"
"2332","P97527"
"2333","Q18066"
"2334","A2AN08"
"2335","Q29L39"
"2336","Q5ZMP6"
"2337","Q99186"
"2338","O95363"
"2339","Q6NYL3"
"2340","Q9U2Q9"
"2341","P49841"
"2342","Q0II26"
"2343","Q9CQ60"
"2344","Q15024"
"2345","Q5JIR7"
"2346","P72835"
"2347","Q6DF46"
"2348","Q9DCG9"
"2349","P44121"
"2350","P91303"
"2351","Q02589"
"2352","P35505"
"2353","Q04451"
"2354","A7S8T5"
"2355","Q7ZUG0"
"2356","B5X3C1"
"2357","Q9EQX9"
"2358","Q3UQ28"
"2359","P34082"
"2360","A6QQ21"
"2361","Q8NWQ4"
"2362","Q7A5L8"
"2363","Q922K7"
"2364","Q5NVS6"
"2365","Q9JLR1"
"2366","Q9HBK9"
"2367","Q9WTX6"
"2368","Q9XIE8"
"2369","P01266"
"2370","Q6IRE4"
"2371","P19971"
"2372","C3MBH0"
"2373","Q5HM85"
"2374","Q18685"
"2375","Q54K81"
"2376","Q96AC1"
"2377","Q32LP0"
"2378","Q71LX4"
"2379","Q9VZI3"
"2380","Q6GR45"
"2381","Q8N6W0"
"2382","A4IIM2"
"2383","Q00916"
"2384","B0BN49"
"2385","Q9V535"
"2386","Q09884"
"2387","Q9GLV6"
"2388","Q29000"
"2389","O02466"
"2390","Q25410"
"2391","Q968Y9"
"2392","Q8CN04"
"2393","P20000"
"2394","P55096"
"2395","O75400"
"2396","Q6DRC3"
"2397","Q5W041"
"2398","Q8BH95"
"2399","P23678"
"2400","O35344"
"2401","Q9FYP9"
"2402","Q8R151"
"2403","Q70KH2"
"2404","P51432"
"2405","Q8N3E9"
"2406","P25455"
"2407","Q9QW07"
"2408","P21671"
"2409","Q9Z1B3"
"2410","P16885"
"2411","Q4R6L3"
"2412","Q99JE6"
"2413","Q01970"
"2414","Q2VRL0"
"2415","Q15147"
"2416","Q8K2I4"
"2417","Q5ZJ54"
"2418","P28480"
"2419","Q8PW06"
"2420","A9WFA3"
"2421","Q9LKI7"
"2422","Q76NU3"
"2423","Q8BTG3"
"2424","Q03105"
"2425","P51572"
"2426","Q9JME5"
"2427","Q6DER1"
"2428","Q9CY57"
"2429","Q9Y3Y2"
"2430","O61492"
"2431","O61491"
"2432","Q5SRX1"
"2433","O88746"
"2434","Q9Y140"
"2435","P76633"
"2436","P56812"
"2437","Q5EA95"
"2438","Q6P2U9"
"2439","E9Q555"
"2440","Q9ERU9"
"2441","O14715"
"2442","Q3ZC89"
"2443","Q9ESX5"
"2444","Q16527"
"2445","Q4U0T9"
"2446","P46976"
"2447","Q9R062"
"2448","Q6DHB5"
"2449","O95995"
"2450","Q9TW45"
"2451","Q14004"
"2452","P51958"
"2453","Q863I2"
"2454","Q4J781"
"2455","Q5ZKJ4"
"2456","Q6PAX2"
"2457","Q4R6V2"
"2458","P48053"
"2459","Q561P5"
"2460","P55862"
"2461","Q7SXW4"
"2462","Q6BT27"
"2463","Q3ZBV2"
"2464","A7TNT1"
"2465","Q9UHL0"
"2466","Q75C39"
"2467","Q754J2"
"2468","Q09747"
"2469","Q5ZM33"
"2470","Q8AV28"
"2471","Q6P502"
"2472","Q5UQ96"
"2473","P01122"
"2474","P39598"
"2475","Q8C4B4"
"2476","P47957"
"2477","D2RXU5"
"2478","Q8NFJ9"
"2479","Q6IRB3"
"2480","Q9R087"
"2481","Q5RBM1"
"2482","Q0II68"
"2483","Q6P8C4"
"2484","Q8CG73"
"2485","Q41629"
"2486","P02723"
"2487","P07871"
"2488","Q96I24"
"2489","P57723"
"2490","Q5SUV2"
"2491","Q8TBZ2"
"2492","Q0VFZ6"
"2493","Q8TCT9"
"2494","Q9UKM9"
"2495","Q2KI24"
"2496","A3QK15"
"2497","Q3IFM6"
"2498","Q9RRL7"
"2499","P63155"
"2500","P17886"
"2501","Q99PK0"
"2502","Q9BZJ0"
"2503","P52758"
"2504","P83888"
"2505","Q32KM1"
"2506","P84173"
"2507","Q8K194"
"2508","Q8BGA9"
"2509","Q3SYV3"
"2510","Q5ZLV4"
"2511","Q9W4M9"
"2512","Q8WNV7"
"2513","P72332"
"2514","P51570"
"2515","Q12116"
"2516","Q5R533"
"2517","A7S4N4"
"2518","Q4R6L9"
"2519","Q7TNK0"
"2520","P19682"
"2521","Q04836"
"2522","Q7ZWA3"
"2523","Q6P5D4"
"2524","Q66GS9"
"2525","Q2YDD0"
"2526","Q4R6J2"
"2527","Q6PCB7"
"2528","B2HHZ8"
"2529","Q4WF61"
"2530","O43301"
"2531","B7KSZ5"
"2532","O60884"
"2533","Q9W596"
"2534","P14401"
"2535","Q5ZL72"
"2536","Q07327"
"2537","P61765"
"2538","Q15833"
"2539","Q9SZ77"
"2540","P20795"
"2541","Q9C5P7"
"2542","Q62753"
"2543","O18637"
"2544","Q68FR8"
"2545","P53371"
"2546","P86234"
"2547","P24635"
"2548","Q29551"
"2549","Q5RJY4"
"2550","P29147"
"2551","Q5RDT5"
"2552","Q5ZIQ3"
"2553","Q3T0D0"
"2554","Q5R6Y0"
"2555","Q6PFQ2"
"2556","Q86UC2"
"2557","Q8IZ83"
"2558","Q13330"
"2559","Q80TZ9"
"2560","Q7T105"
"2561","Q09228"
"2562","Q8K4B0"
"2563","A0JMU8"
"2564","O15234"
"2565","Q9BGI1"
"2566","Q8HXP7"
"2567","B0K019"
"2568","P54358"
"2569","P28339"
"2570","Q5R4Y2"
"2571","Q4R4T9"
"2572","Q9Y2V2"
"2573","Q6PAM1"
"2574","C3KYR4"
"2575","Q67SW6"
"2576","P91427"
"2577","Q923G2"
"2578","Q801S2"
"2579","Q9K107"
"2580","P42620"
"2581","Q9XTQ6"
"2582","Q5DC69"
"2583","P54612"
"2584","P51954"
"2585","Q02154"
"2586","Q04831"
"2587","Q8HZM5"
"2588","Q9ZLW5"
"2589","Q874T6"
"2590","P20478"
"2591","Q26473"
"2592","Q26972"
"2593","Q76KF0"
"2594","P37198"
"2595","Q28IE5"
"2596","Q54DD3"
"2597","Q8CFA2"
"2598","Q24TH3"
"2599","Q84G06"
"2600","P56839"
"2601","C0ZW79"
"2602","O95394"
"2603","Q8C2Q3"
"2604","Q4VSI4"
"2605","Q24574"
"2606","Q7RTZ2"
"2607","Q91WG5"
"2608","P12904"
"2609","Q59011"
"2610","Q9UGJ0"
"2611","O93257"
"2612","P48637"
"2613","Q5R902"
"2614","Q94517"
"2615","Q9UBN7"
"2616","Q589G5"
"2617","Q5R795"
"2618","Q5TM26"
"2619","O14735"
"2620","Q4PIN7"
"2621","Q4R4J7"
"2622","Q26486"
"2623","P04646"
"2624","Q6B855"
"2625","P0A9W5"
"2626","P63389"
"2627","Q9UG63"
"2628","Q9VLT5"
"2629","Q2TL32"
"2630","O01479"
"2631","Q14BN4"
"2632","Q8C0G2"
"2633","Q8IYE0"
"2634","P01041"
"2635","Q5ZMW3"
"2636","Q99P31"
"2637","O77460"
"2638","Q5ZHQ2"
"2639","P38552"
"2640","Q6TGS6"
"2641","Q9WUA2"
"2642","P82649"
"2643","Q01484"
"2644","Q63746"
"2645","Q63369"
"2646","P19838"
"2647","Q96PY5"
"2648","Q8S0F0"
"2649","Q9VUC6"
"2650","Q8BTS4"
"2651","P54726"
"2652","O60237"
"2653","Q9DBR7"
"2654","Q12955"
"2655","Q9CX34"
"2656","Q9SUR9"
"2657","Q0JL44"
"2658","Q8NBS3"
"2659","Q5DTL9"
"2660","P02730"
"2661","P0CO06"
"2662","O14929"
"2663","Q8N7U6"
"2664","P36872"
"2665","P36876"
"2666","Q1HFZ0"
"2667","A7RF00"
"2668","A6RHT9"
"2669","Q5R660"
"2670","O75643"
"2671","Q9H0C1"
"2672","Q922B2"
"2673","C0H419"
"2674","Q612F5"
"2675","Q4R3I0"
"2676","O88441"
"2677","Q7ZW34"
"2678","Q3T0F5"
"2679","Q13619"
"2680","P51400"
"2681","Q5ZIL4"
"2682","Q9UUK2"
"2683","Q9NRL2"
"2684","Q28GH3"
"2685","P31335"
"2686","A6H8T2"
"2687","Q8T880"
"2688","Q5FW12"
"2689","Q6PGZ3"
"2690","Q9UBR1"
"2691","Q64459"
"2692","Q9HB55"
"2693","Q95YJ5"
"2694","Q86XW9"
"2695","P90666"
"2696","B3EGU1"
"2697","Q5RFB6"
"2698","Q13367"
"2699","P09623"
"2700","Q54WN0"
"2701","O54774"
"2702","Q0V984"
"2703","P08928"
"2704","B3S3D5"
"2705","Q5R889"
"2706","A1WXM7"
"2707","P42768"
"2708","Q2KI56"
"2709","Q8NE28"
"2710","Q6RWA9"
"2711","A0LMC0"
"2712","P36404"
"2713","P46196"
"2714","Q5R7L8"
"2715","Q6P2Y2"
"2716","Q9NQ29"
"2717","O18412"
"2718","P21271"
"2719","Q9I8D1"
"2720","Q86W92"
"2721","A9C3W3"
"2722","Q94071"
"2723","O70400"
"2724","O75112"
"2725","Q8JZN5"
"2726","Q6NV04"
"2727","P19367"
"2728","Q91W97"
"2729","P78568"
"2730","Q3SY69"
"2731","Q67PR4"
"2732","A8FRE9"
"2733","Q6GNL7"
"2734","Q5R613"
"2735","Q7SXL7"
"2736","Q6CSR7"
"2737","Q6GQ82"
"2738","P17244"
"2739","Q5RF96"
"2740","Q61CQ8"
"2741","Q96N23"
"2742","Q13435"
"2743","Q55DV9"
"2744","Q58DW2"
"2745","Q5I0B5"
"2746","Q8MJJ9"
"2747","Q5ZJU3"
"2748","Q9Y4W6"
"2749","Q5R698"
"2750","B0W3L6"
"2751","Q8CGF7"
"2752","O43491"
"2753","P29074"
"2754","P67874"
"2755","P47942"
"2756","Q9BPU6"
"2757","Q14117"
"2758","Q8TSA6"
"2759","Q9I676"
"2760","B3E3I1"
"2761","Q14194"
"2762","B1H120"
"2763","Q08DM7"
"2764","Q9R0Y5"
"2765","P15700"
"2766","P39069"
"2767","Q02790"
"2768","O75954"
"2769","Q5T655"
"2770","Q5R478"
"2771","P13395"
"2772","Q62261"
"2773","Q05BC3"
"2774","Q66I21"
"2775","P86808"
"2776","Q28735"
"2777","Q55FU2"
"2778","Q5ZIK9"
"2779","Q01369"
"2780","Q5ZMV7"
"2781","Q8SPK0"
"2782","P07602"
"2783","P13541"
"2784","Q61879"
"2785","Q6C4D4"
"2786","Q9BUQ8"
"2787","Q6C024"
"2788","Q4I7F9"
"2789","O14233"
"2790","Q5RDW9"
"2791","Q13733"
"2792","Q01814"
"2793","Q7XPY2"
"2794","Q9X5X3"
"2795","Q65X71"
"2796","P38929"
"2797","P23634"
"2798","Q8BFY9"
"2799","P52296"
"2800","Q8R500"
"2801","Q12933"
"2802","P39429"
"2803","Q9BUZ4"
"2804","Q5H8C4"
"2805","Q54LB8"
"2806","Q96RL7"
"2807","P61291"
"2808","Q5F3J5"
"2809","Q5RDE7"
"2810","P35604"
"2811","P53600"
"2812","Q9H0I3"
"2813","P34422"
"2814","Q9D5E4"
"2815","Q8T888"
"2816","Q06AA4"
"2817","Q17335"
"2818","P30350"
"2819","Q5E9D0"
"2820","P67963"
"2821","Q9FIJ7"
"2822","Q5TCS8"
"2823","C4Z2V1"
"2824","C5BD16"
"2825","Q0C7Y1"
"2826","Q64620"
"2827","P23965"
"2828","Q1LUT1"
"2829","Q5ZJF4"
"2830","Q8BJK1"
"2831","Q6P268"
"2832","P59999"
"2833","Q9NKW1"
"2834","P97852"
"2835","P08503"
"2836","Q9UHB6"
"2837","Q8BGB5"
"2838","Q96M91"
"2839","P07347"
"2840","Q9QY36"
"2841","Q9HGQ2"
"2842","Q28E61"
"2843","Q68F50"
"2844","Q9P6L5"
"2845","Q9Y490"
"2846","O00291"
"2847","Q13510"
"2848","Q9SB48"
"2849","P16435"
"2850","Q6LM58"
"2851","Q54ND5"
"2852","O35217"
"2853","P80315"
"2854","Q6PBF7"
"2855","Q29466"
"2856","A1A5G6"
"2857","P32563"
"2858","Q9Z1G4"
"2859","Q175F8"
"2860","Q29NG1"
"2861","Q5RCG9"
"2862","Q9JJ80"
"2863","Q26619"
"2864","Q9GLW9"
"2865","O57478"
"2866","Q09621"
"2867","Q5EAR5"
"2868","Q9UL16"
"2869","P60892"
"2870","Q16960"
"2871","Q8R3Q2"
"2872","P40856"
"2873","Q5F471"
"2874","Q6NRI0"
"2875","O75170"
"2876","P27473"
"2877","Q32L93"
"2878","Q9P2T1"
"2879","Q9Z2Q1"
"2880","Q3UPL0"
"2881","Q5R4F4"
"2882","P42297"
"2883","Q2FXL6"
"2884","Q9WUU8"
"2885","P09496"
"2886","Q9VWA1"
"2887","A7MBF6"
"2888","O34962"
"2889","P16468"
"2890","P09478"
"2891","Q9JKS4"
"2892","Q25092"
"2893","O00468"
"2894","Q16363"
"2895","P02469"
"2896","Q5ZKK5"
"2897","Q2MJU7"
"2898","Q05519"
"2899","O01159"
"2900","P05689"
"2901","Q3T186"
"2902","Q07598"
"2903","O26884"
"2904","Q96AN5"
"2905","Q15393"
"2906","Q704S8"
"2907","Q6AYS4"
"2908","Q2KIM0"
"2909","P23378"
"2910","Q15424"
"2911","O88453"
"2912","Q9Z0W3"
"2913","Q9H8Y8"
"2914","Q8N3X1"
"2915","Q99MN1"
"2916","Q9R1Q9"
"2917","Q7YQC6"
"2918","Q4UKL3"
"2919","Q5R4R6"
"2920","Q3ZBH0"
"2921","Q6DN14"
"2922","P05696"
"2923","Q16974"
"2924","Q52KZ7"
"2925","Q8VIF7"
"2926","Q9BXJ9"
"2927","Q5BKN4"
"2928","Q5R481"
"2929","Q54S59"
"2930","Q6P5M2"
"2931","Q55EF0"
"2932","P22127"
"2933","Q6DEJ5"
"2934","P61710"
"2935","Q7ZYJ9"
"2936","Q6L1Z4"
"2937","Q4R7V3"
"2938","P55263"
"2939","Q8TG24"
"2940","Q4P460"
"2941","Q27128"
"2942","Q2T9W3"
"2943","B1H228"
"2944","Q8NA47"
"2945","Q80U96"
"2946","Q00422"
"2947","Q8CFD1"
"2948","Q00612"
"2949","Q96RQ3"
"2950","O48626"
"2951","O43264"
"2952","P34275"
"2953","Q06440"
"2954","Q5NVK4"
"2955","Q9VZS3"
"2956","P48768"
"2957","Q8WXG9"
"2958","P57103"
"2959","Q8CGQ8"
"2960","Q99700"
"2961","A6QLH6"
"2962","P21447"
"2963","P75059"
"2964","Q05976"
"2965","A4FU69"
"2966","Q15155"
"2967","Q5AW89"
"2968","O96019"
"2969","O94826"
"2970","O14217"
"2971","Q9H6T3"
"2972","Q5R514"
"2973","Q28FD1"
"2974","P82125"
"2975","Q9NQI0"
"2976","Q7ZY47"
"2977","Q5T2S8"
"2978","P12812"
"2979","Q75G68"
"2980","Q63009"
"2981","Q7T322"
"2982","Q27319"
"2983","Q16959"
"2984","Q4V8G4"
"2985","Q99JI4"
"2986","Q9W4V8"
"2987","Q9HC38"
"2988","Q68SB1"
"2989","Q7ZW47"
"2990","Q7ZWE9"
"2991","B5DF89"
"2992","Q5R8S0"
"2993","Q8CH18"
"2994","Q5F3U9"
"2995","Q91VX2"
"2996","Q8TBZ9"
"2997","Q39752"
"2998","Q9R1K9"
"2999","Q5R5X8"
"3000","Q04446"
"3001","P08120"
"3002","Q8VBX6"
"3003","O75970"
"3004","Q9UPQ7"
"3005","Q63ZW7"
"3006","Q6TH15"
"3007","Q8IWV7"
"3008","Q6WKZ8"
"3009","P27824"
"3010","Q2HWU3"
"3011","Q3SYT6"
"3012","Q7Z5K2"
"3013","Q13310"
"3014","Q26609"
"3015","O08715"
"3016","P49020"
"3017","Q5RBA4"
"3018","Q29RL9"
"3019","Q9IBD1"
"3020","Q6CDH3"
"3021","Q5RC80"
"3022","Q7TSY6"
"3023","Q86U06"
"3024","P15771"
"3025","Q5B630"
"3026","P52480"
"3027","Q9WU01"
"3028","P18061"
"3029","Q9UBV8"
"3030","P83829"
"3031","O55096"
"3032","Q8JFP1"
"3033","P11387"
"3034","Q969P6"
"3035","Q8N960"
"3036","Q91WK5"
"3037","Q60737"
"3038","Q567Y6"
"3039","Q7T0T2"
"3040","Q7KZI7"
"3041","O08679"
"3042","Q03141"
"3043","P24100"
"3044","Q8VHJ5"
"3045","O75369"
"3046","P61222"
"3047","Q9M0D0"
"3048","P62489"
"3049","Q08E38"
"3050","Q9WTP7"
"3051","Q24009"
"3052","Q8VDJ3"
"3053","O70310"
"3054","Q9N181"
"3055","P69527"
"3056","Q3SZH7"
"3057","Q7PPA5"
"3058","O77696"
"3059","P35316"
"3060","Q9LV11"
"3061","Q9JLI7"
"3062","Q6P3L0"
"3063","Q54LT8"
"3064","Q5ZL33"
"3065","B7PS00"
"3066","P79083"
"3067","Q9VU65"
"3068","Q9C270"
"3069","Q10051"
"3070","P70399"
"3071","Q96LI9"
"3072","Q9MZD2"
"3073","Q28298"
"3074","Q90631"
"3075","O13066"
"3076","P18091"
"3077","A6NNF4"
"3078","Q5ZLF0"
"3079","Q5PYH5"
"3080","Q28C55"
"3081","Q9D6K5"
"3082","Q709C8"
"3083","Q555C6"
"3084","Q54LN2"
"3085","Q7Z7G8"
"3086","Q4G0X9"
"3087","Q8IW92"
"3088","Q9PVV4"
"3089","Q15154"
"3090","Q9R0L6"
"3091","Q9XZ58"
"3092","Q6P635"
"3093","O18883"
"3094","Q62909"
"3095","Q960Z0"
"3096","Q5ZKV8"
"3097","Q28F39"
"3098","Q5R7X2"
"3099","P29341"
"3100","P52552"
"3101","Q9BGI2"
"3102","Q9BGI3"
"3103","P95141"
"3104","Q9Y2E4"
"3105","Q9W0S9"
"3106","Q7U226"
"3107","Q12275"
"3108","Q5ZIW2"
"3109","Q4KMD7"
"3110","Q9Y6N5"
"3111","Q55G11"
"3112","Q304B9"
"3113","Q9SEX2"
"3114","O61577"
"3115","Q5U3S1"
"3116","Q7KZ85"
"3117","Q8NIV6"
"3118","Q9FKK7"
"3119","O88450"
"3120","Q9N1Q5"
"3121","O19015"
"3122","Q9W4P5"
"3123","Q8WVM8"
"3124","A7RM45"
"3125","Q562C7"
"3126","Q9BZE9"
"3127","Q3T0R7"
"3128","P79769"
"3129","Q61166"
"3130","Q9D554"
"3131","O46106"
"3132","P36975"
"3133","Q8BRC6"
"3134","Q5R787"
"3135","Q4R4C9"
"3136","Q09531"
"3137","Q99K28"
"3138","Q8R508"
"3139","Q28824"
"3140","Q6ZP82"
"3141","Q80UK0"
"3142","Q8R0G9"
"3143","P68638"
"3144","Q9GP32"
"3145","P56399"
"3146","Q01167"
"3147","Q11011"
"3148","B4QX46"
"3149","Q9H6R0"
"3150","Q5R413"
"3151","Q3SZL6"
"3152","Q9Y547"
"3153","Q6PBK1"
"3154","Q921F2"
"3155","Q4R6T7"
"3156","Q5BIS9"
"3157","Q944A6"
"3158","Q63170"
"3159","Q14318"
"3160","P0C1J7"
"3161","Q9DB50"
"3162","Q54WW3"
"3163","Q5R469"
"3164","P0CB38"
"3165","Q9WV25"
"3166","A1CRM1"
"3167","P28271"
"3168","Q07954"
"3169","Q9JI18"
"3170","B6EUA9"
"3171","Q9WVC0"
"3172","Q91Y81"
"3173","P42207"
"3174","Q5R8U3"
"3175","O55131"
"3176","P39826"
"3177","B3LYP1"
"3178","P26013"
"3179","P11584"
"3180","Q09062"
"3181","Q99181"
"3182","Q15427"
"3183","Q03049"
"3184","B1WAZ6"
"3185","Q08108"
"3186","P29190"
"3187","Q8NI35"
"3188","Q91XM9"
"3189","P97879"
"3190","Q792I0"
"3191","P12107"
"3192","Q05722"
"3193","O08836"
"3194","Q9BPU9"
"3195","Q9M0X9"
"3196","P31686"
"3197","Q9R9J1"
"3198","Q9BEA2"
"3199","P94547"
"3200","Q8GVF9"
"3201","P47245"
"3202","B8JK76"
"3203","Q9FRL8"
"3204","Q15527"
"3205","Q99MR1"
"3206","Q7KQM6"
"3207","P23128"
"3208","Q3LXA3"
"3209","Q6EE31"
"3210","Q5R501"
"3211","Q9UK41"
"3212","O95985"
"3213","O97578"
"3214","Q10567"
"3215","C3Z1P5"
"3216","Q7QC84"
"3217","Q61543"
"3218","Q5D0E6"
"3219","Q6PJN8"
"3220","Q5RCE6"
"3221","Q32PI1"
"3222","Q99797"
"3223","P24155"
"3224","Q5R8W6"
"3225","Q09912"
"3226","O75953"
"3227","Q96RY7"
"3228","Q5GIS3"
"3229","Q498J5"
"3230","Q503Q1"
"3231","P50544"
"3232","A4IF97"
"3233","P51821"
"3234","O95295"
"3235","Q8BKE6"
"3236","Q9V4U7"
"3237","P06582"
"3238","O43615"
"3239","O60084"
"3240","P55931"
"3241","Q2KIG0"
"3242","Q6AZA0"
"3243","Q96MT7"
"3244","Q6PBU0"
"3245","Q5VXM1"
"3246","Q9JLB4"
"3247","Q7A7L2"
"3248","O46629"
"3249","Q9D1M0"
"3250","A8X4W9"
"3251","Q9R152"
"3252","P09874"
"3253","Q32S26"
"3254","Q9Y7N0"
"3255","Q58F21"
"3256","Q6GLW1"
"3257","Q09330"
"3258","P36048"
"3259","Q5F3X4"
"3260","Q9N285"
"3261","P53618"
"3262","Q8WPW2"
"3263","Q91W50"
"3264","P76440"
"3265","O89000"
"3266","Q7ZY18"
"3267","Q6NZQ0"
"3268","Q90705"
"3269","A6UV44"
"3270","Q9WV04"
"3271","Q9D9T0"
"3272","Q7Z478"
"3273","Q5RAZ4"
"3274","O35286"
"3275","O43143"
"3276","Q5R874"
"3277","A0AVF1"
"3278","Q4R8V8"
"3279","Q6DF94"
"3280","Q2T9X8"
"3281","Q8CCP0"
"3282","Q97VS5"
"3283","Q16822"
"3284","Q7SY23"
"3285","Q4R628"
"3286","P46872"
"3287","O88941"
"3288","Q9P2H3"
"3289","Q8K057"
"3290","Q6DFC2"
"3291","P35611"
"3292","Q02645"
"3293","Q1JQE0"
"3294","Q9XZC8"
"3295","Q24323"
"3296","O88632"
"3297","P52034"
"3298","Q5R636"
"3299","P31404"
"3300","Q5ZLY5"
"3301","Q96M96"
"3302","Q503Y7"
"3303","Q32LM2"
"3304","Q96EQ0"
"3305","Q9MBF8"
"3306","Q8BGC4"
"3307","Q9R013"
"3308","P25805"
"3309","P27237"
"3310","P35623"
"3311","O15213"
"3312","Q5U305"
"3313","Q6GL41"
"3314","P17139"
"3315","P70097"
"3316","Q7U0Y2"
"3317","Q5RBD5"
"3318","Q9JHI5"
"3319","O35161"
"3320","P06845"
"3321","O75051"
"3322","Q09YN5"
"3323","Q9Y4D7"
"3324","P70207"
"3325","A1X150"
"3326","Q9HCM2"
"3327","Q6GL89"
"3328","P28024"
"3329","P28075"
"3330","Q96MR6"
"3331","Q6ZMV9"
"3332","O95239"
"3333","Q9GLK0"
"3334","Q96PF1"
"3335","P40939"
"3336","P00432"
"3337","P51876"
"3338","Q8YRI1"
"3339","P54319"
"3340","Q2H679"
"3341","Q0UAT0"
"3342","Q65N62"
"3343","O00571"
"3344","Q7XMK8"
"3345","A5E1W4"
"3346","P15650"
"3347","Q9VSA3"
"3348","Q8IV35"
"3349","Q0V9S9"
"3350","Q9C102"
"3351","O34399"
"3352","O33064"
"3353","Q58746"
"3354","Q92734"
"3355","P00636"
"3356","Q9WUB3"
"3357","Q9XTL9"
"3358","Q99K85"
"3359","P08655"
"3360","P47791"
"3361","Q91XQ0"
"3362","Q9WU78"
"3363","O43242"
"3364","P83686"
"3365","Q6PB66"
"3366","Q9D416"
"3367","P61212"
"3368","Q8BGD9"
"3369","Q15056"
"3370","Q8BKE9"
"3371","Q93104"
"3372","Q68CJ6"
"3373","Q3TIX9"
"3374","Q9JMA1"
"3375","P35658"
"3376","Q9UMY4"
"3377","Q9QZ25"
"3378","Q9BQ69"
"3379","Q9Y5Z7"
"3380","P51610"
"3381","Q5REG1"
"3382","Q6Z1C0"
"3383","Q2KJ25"
"3384","Q8TBY9"
"3385","Q6P819"
"3386","Q3ZBZ8"
"3387","Q6NY74"
"3388","Q9GR88"
"3389","Q5E946"
"3390","Q8K2G4"
"3391","Q55FP0"
"3392","Q9HD45"
"3393","Q667Y5"
"3394","Q3ZCH0"
"3395","P30876"
"3396","Q3ZCD7"
"3397","Q6ZR08"
"3398","Q923J6"
"3399","Q8VE99"
"3400","P56520"
"3401","Q8TCJ2"
"3402","Q6RUV5"
"3403","P27641"
"3404","Q5RA77"
"3405","Q9VAW5"
"3406","Q6ZQ58"
"3407","Q9P6K0"
"3408","P40796"
"3409","P40352"
"3410","A7Z019"
"3411","P51531"
"3412","Q5R6X7"
"3413","Q5F3W5"
"3414","Q9ER34"
"3415","Q00174"
"3416","Q13753"
"3417","P15215"
"3418","Q3UHK8"
"3419","Q5THR3"
"3420","P14533"
"3421","Q8K4K5"
"3422","Q5THJ4"
"3423","O42926"
"3424","P21613"
"3425","P40782"
"3426","Q03168"
"3427","B0W2S0"
"3428","Q10490"
"3429","Q9P2J5"
"3430","Q9Y2F9"
"3431","O75665"
"3432","Q805F9"
"3433","Q9UTT2"
"3434","Q2T9I5"
"3435","Q9P2N5"
"3436","Q9I7F7"
"3437","Q07912"
"3438","P55245"
"3439","Q03351"
"3440","P54813"
"3441","Q7TT47"
"3442","Q5M7G4"
"3443","P50096"
"3444","P28668"
"3445","B1LBX4"
"3446","O13775"
"3447","Q8CGC7"
"3448","O01666"
"3449","Q9H3G5"
"3450","Q9BV44"
"3451","P97770"
"3452","P82198"
"3453","Q9C5Y4"
"3454","O93309"
"3455","O97594"
"3456","A1A4P5"
"3457","Q8NDM7"
"3458","Q8R3P7"
"3459","Q09139"
"3460","Q8VE62"
"3461","Q58DG1"
"3462","Q80U58"
"3463","Q8TB72"
"3464","Q9ZW02"
"3465","Q6INU8"
"3466","Q9D5S7"
"3467","Q0JMY1"
"3468","O88554"
"3469","Q9D3W5"
"3470","Q8N4P6"
"3471","Q32TF8"
"3472","Q9D9T8"
"3473","O14089"
"3474","O60100"
"3475","Q8BKC5"
"3476","P25205"
"3477","P35224"
"3478","Q9D5V6"
"3479","Q96A49"
"3480","Q7JWR9"
"3481","Q8WU90"
"3482","Q9ESZ0"
"3483","Q7ZU90"
"3484","Q8K3X3"
"3485","P0C6B8"
"3486","P23955"
"3487","Q5R513"
"3488","P35903"
"3489","Q17043"
"3490","Q6PF21"
"3491","Q148D5"
"3492","Q6AXP4"
"3493","Q28BR5"
"3494","Q759T9"
"3495","Q8BW94"
"3496","Q9VGG5"
"3497","Q12523"
"3498","P61963"
"3499","P59326"
"3500","P20742"
"3501","O88544"
"3502","P57784"
"3503","Q8C079"
"3504","Q61466"
"3505","Q6GNY1"
"3506","P21127"
"3507","P22216"
"3508","P18172"
"3509","P12955"
"3510","C4JY72"
"3511","P50580"
"3512","P0AGE8"
"3513","Q5ZKM1"
"3514","Q9DBE9"
"3515","P18754"
"3516","Q9P2D0"
"3517","Q5RCZ7"
"3518","Q61191"
"3519","Q99P25"
"3520","O28579"
"3521","P17248"
"3522","Q12873"
"3523","P53620"
"3524","Q9PUE4"
"3525","Q9DAR0"
"3526","A8M4V8"
"3527","P79384"
"3528","Q9Y3C6"
"3529","Q9C0D2"
"3530","Q8MIB8"
"3531","Q7TQ20"
"3532","Q9V3J1"
"3533","Q0IHQ8"
"3534","E1BK52"
"3535","P54611"
"3536","Q5U3A7"
"3537","P54861"
"3538","Q960X8"
"3539","Q0V8S0"
"3540","Q5BL41"
"3541","P11498"
"3542","Q9UUE1"
"3543","P52873"
"3544","O28994"
"3545","B9FK36"
"3546","Q2KJC9"
"3547","P33731"
"3548","Q2YDE7"
"3549","Q5VTH9"
"3550","Q9QZ81"
"3551","Q9JII5"
"3552","Q9Y4P3"
"3553","Q6P799"
"3554","P26636"
"3555","Q18678"
"3556","Q4R367"
"3557","B3RYG4"
"3558","Q8NI27"
"3559","B1AZI6"
"3560","Q80U72"
"3561","Q80TH2"
"3562","Q4H4B6"
"3563","Q5PYH7"
"3564","Q6R005"
"3565","Q15404"
"3566","A8H0U0"
"3567","Q32LG3"
"3568","O75694"
"3569","P37199"
"3570","Q21313"
"3571","P82798"
"3572","Q9D0R2"
"3573","A4FW92"
"3574","Q7ZY87"
"3575","Q8BXK9"
"3576","P49951"
"3577","Q94887"
"3578","Q9ULB1"
"3579","P97429"
"3580","P11884"
"3581","Q98931"
"3582","B8MG72"
"3583","P07522"
"3584","O88322"
"3585","Q91ZX7"
"3586","Q53EP0"
"3587","O88307"
"3588","Q98930"
"3589","Q96NL6"
"3590","A2RRV3"
"3591","O42958"
"3592","Q91YE6"
"3593","P53067"
"3594","Q9BXU1"
"3595","Q58EK5"
"3596","A4IGL7"
"3597","Q5VST9"
"3598","O95428"
"3599","Q9C0B2"
"3600","P32234"
"3601","Q6DFJ3"
"3602","Q58EA0"
"3603","Q9D6K8"
"3604","Q6VH22"
"3605","Q9W040"
"3606","P0AC33"
"3607","Q9H0Z9"
"3608","O35345"
"3609","Q0V7M0"
"3610","Q99JZ0"
"3611","O08992"
"3612","Q86VS3"
"3613","Q9D2K4"
"3614","P12394"
"3615","O48956"
"3616","P51589"
"3617","P37119"
"3618","O22203"
"3619","Q6PDI5"
"3620","Q9R0Q6"
"3621","A1A5Q4"
"3622","Q9VU68"
"3623","Q6FVD3"
"3624","P35953"
"3625","P98165"
"3626","Q5ZKX1"
"3627","P23606"
"3628","O54781"
"3629","Q3ZBL5"
"3630","Q5T1B0"
"3631","P12247"
"3632","P98093"
"3633","Q3T0Q3"
"3634","Q56A55"
"3635","P13676"
"3636","Q9UDT6"
"3637","Q9CRD2"
"3638","P10493"
"3639","Q568D2"
"3640","Q6ZUG5"
"3641","Q9ULG3"
"3642","Q54BW4"
"3643","Q05974"
"3644","P38659"
"3645","Q4N4N8"
"3646","Q96PE7"
"3647","Q90640"
"3648","Q8BQM4"
"3649","B7MPB6"
"3650","Q86WA6"
"3651","Q1RMI3"
"3652","Q7T163"
"3653","O97758"
"3654","Q15700"
"3655","Q9BXL6"
"3656","Q92796"
"3657","Q8TDM6"
"3658","Q6QA76"
"3659","Q3ZCJ8"
"3660","P53634"
"3661","Q5RB02"
"3662","Q6P1B1"
"3663","Q6ZCX3"
"3664","Q9GLM4"
"3665","Q04205"
"3666","P97874"
"3667","Q32PJ7"
"3668","Q9P1Z9"
"3669","O35889"
"3670","Q5F478"
"3671","Q8WXK3"
"3672","Q9TXQ1"
"3673","Q15435"
"3674","O35125"
"3675","Q8NHU2"
"3676","P01025"
"3677","Q00685"
"3678","Q00004"
"3679","Q64536"
"3680","O70571"
"3681","Q9VXK0"
"3682","P70076"
"3683","Q6DRL5"
"3684","Q9BQG0"
"3685","Q9ULT8"
"3686","Q3UES3"
"3687","Q57984"
"3688","Q9VLM8"
"3689","P20849"
"3690","Q8TC92"
"3691","Q16206"
"3692","C4YFX2"
"3693","Q8CAQ8"
"3694","Q8CJ40"
"3695","P21249"
"3696","Q5TZA2"
"3697","Q24524"
"3698","Q7Z4L5"
"3699","Q9WVQ0"
"3700","Q8BKZ9"
"3701","O00330"
"3702","A5UEV6"
"3703","P49432"
"3704","Q9CZU3"
"3705","O59801"
"3706","Q5U2Z3"
"3707","Q8IWG1"
"3708","Q5S003"
"3709","Q6Q759"
"3710","Q8BH74"
"3711","Q29RV1"
"3712","Q8JG64"
"3713","Q24407"
"3714","Q6DIH3"
"3715","Q9FL33"
"3716","Q9JJ94"
"3717","Q60520"
"3718","O75182"
"3719","Q96ST3"
"3720","Q09750"
"3721","Q9LFQ3"
"3722","Q5R4T3"
"3723","Q17GM7"
"3724","A6N6J5"
"3725","Q5ZIP4"
"3726","Q0V9R4"
"3727","Q8JHV6"
"3728","Q2IA00"
"3729","P37942"
"3730","Q90512"
"3731","Q12546"
"3732","Q6TPH1"
"3733","Q8BX37"
"3734","Q95JL5"
"3735","Q9VRP9"
"3736","A8WQT4"
"3737","Q9Y5Z4"
"3738","Q9YHU0"
"3739","O46036"
"3740","P54351"
"3741","P34732"
"3742","P41541"
"3743","Q148N0"
"3744","Q59106"
"3745","Q23629"
"3746","O13366"
"3747","P86231"
"3748","Q9BTV4"
"3749","Q9EPL8"
"3750","Q9XZU1"
"3751","Q16698"
"3752","Q9Y6Q3"
"3753","O54941"
"3754","Q0DZT4"
"3755","Q9LME4"
"3756","Q7K4Q5"
"3757","P49595"
"3758","Q653S3"
"3759","O77210"
"3760","Q54EC2"
"3761","Q8K363"
"3762","Q9FVV4"
"3763","A3KMP2"
"3764","Q7Z6Z7"
"3765","O97593"
"3766","Q920F6"
"3767","P41003"
"3768","H2A0M3"
"3769","Q6PA26"
"3770","B0KWT6"
"3771","P30666"
"3772","Q6NX31"
"3773","Q8IZH2"
"3774","Q84UQ1"
"3775","Q569Z5"
"3776","Q04678"
"3777","Q9W602"
"3778","B7ZC77"
"3779","Q5R416"
"3780","P31401"
"3781","Q01583"
"3782","Q66PY1"
"3783","Q4LDE5"
"3784","P70581"
"3785","Q5ZI08"
"3786","Q96KR1"
"3787","A8XFG2"
"3788","Q04164"
"3789","Q92614"
"3790","Q8IUG5"
"3791","Q9JMH9"
"3792","Q6PE01"
"3793","P36871"
"3794","Q9UPN6"
"3795","Q63627"
"3796","A9VS13"
"3797","O13396"
"3798","P43247"
"3799","Q9VWH4"
"3800","Q3UDE2"
"3801","Q6WRH9"
"3802","P35442"
"3803","P25723"
"3804","Q99615"
"3805","P17140"
"3806","Q96B97"
"3807","Q03001"
"3808","Q99501"
"3809","D3ZHV2"
"3810","Q8JZP9"
"3811","Q5SSG4"
"3812","P16546"
"3813","Q96SB3"
"3814","O35274"
"3815","Q86VQ6"
"3816","B0CM26"
"3817","B0VXE6"
"3818","Q8IYJ2"
"3819","Q5UQE6"
"3820","O42131"
"3821","P16419"
"3822","Q8TDI0"
"3823","Q20496"
"3824","Q9NZB2"
"3825","Q6DEZ2"
"3826","Q92878"
"3827","Q9JHU4"
"3828","Q9EPU0"
"3829","Q9URU2"
"3830","Q92900"
"3831","Q9VYS3"
"3832","Q8BWW4"
"3833","Q7YR37"
"3834","Q9R9N4"
"3835","P86197"
"3836","Q3UGF1"
"3837","P54357"
"3838","Q9NRZ9"
"3839","P18173"
"3840","Q9UPN9"
"3841","Q61371"
"3842","Q3UV71"
"3843","P19737"
"3844","Q75M08"
"3845","Q63081"
"3846","Q03280"
"3847","Q7TMY8"
"3848","Q16UN6"
"3849","Q55D17"
"3850","Q10LJ0"
"3851","Q6GQ80"
"3852","P25655"
"3853","Q6ZQ08"
"3854","Q9R1S0"
"3855","A8MWY0"
"3856","Q3UZV7"
"3857","Q8WN55"
"3858","Q63HN8"
"3859","Q5ZIN1"
"3860","Q17QG2"
"3861","P34416"
"3862","Q9DC07"
"3863","O76041"
"3864","P31696"
"3865","Q9NZN8"
"3866","Q92890"
"3867","F1RCR6"
"3868","Q868Z9"
"3869","Q9Z2I4"
"3870","P83606"
"3871","P36335"
"3872","O57683"
"3873","A0JP85"
"3874","Q9VUV9"
"3875","Q8WVM7"
"3876","Q9VT65"
"3877","P20807"
"3878","O35920"
"3879","Q11002"
"3880","P0CE94"
"3881","Q86UX7"
"3882","P54939"
"3883","Q9ERE8"
"3884","Q8TEX9"
"3885","Q8BIV3"
"3886","Q00963"
"3887","P08775"
"3888","P24928"
"3889","O28390"
"3890","Q96M86"
"3891","Q8IID4"
"3892","P22314"
"3893","Q63164"
"3894","Q96PZ7"
"3895","P49013"
"3896","Q8IX30"
"3897","Q8CHN8"
"3898","Q14978"
"3899","P42669"
"3900","Q9UJV8"
"3901","Q15459"
"3902","Q9EPU4"
"3903","Q9M0V3"
"3904","Q6ZU64"
"3905","P39060"
"3906","O35206"
"3907","A2VEC9"
"3908","P40517"
"3909","Q5U249"
"3910","Q27245"
"3911","Q71RI9"
"3912","P35605"
"3913","Q9CAA0"
"3914","Q93008"
"3915","G5E8K5"
"3916","Q502M6"
"3917","Q9EQG6"
"3918","P49790"
"3919","Q8BLA1"
"3920","Q9Y238"
"3921","G3UZ78"
"3922","Q8TD57"
"3923","Q2KJC1"
"3924","P0CO94"
"3925","P92948"
"3926","Q52G60"
"3927","Q4WHG0"
"3928","A7SD85"
"3929","O08837"
"3930","Q7SAF6"
"3931","Q80XI3"
"3932","P41110"
"3933","Q6NZJ6"
"3934","O43432"
"3935","Q8QGX4"
"3936","P53621"
"3937","Q54FZ8"
"3938","F4I0P8"
"3939","Q96QK1"
"3940","P41252"
"3941","Q9CQN1"
"3942","Q19542"
"3943","Q9P2D7"
"3944","Q3V0Q1"
"3945","A9JR78"
"3946","A8WGF4"
"3947","Q9HBG6"
"3948","Q6ZQ38"
"3949","Q27802"
"3950","Q9SMH5"
"3951","P38650"
"3952","Q9BWD1"
"3953","Q7SZC2"
"3954","Q8AY73"
"3955","P15880"
"3956","Q9BYW2"
"3957","Q8IVF4"
"3958","Q6ZTR5"
"3959","Q91437"
"3960","O15078"
"3961","Q8WXX0"
"3962","Q6P2Q9"
"3963","A2ASQ1"
"3964","P98160"
"3965","A2AJ76"
"3966","P25391"
"3967","Q4G0P3"
"3968","P49793"
"3969","G5EEH9"
"3970","Q39565"
"3971","Q9NBX4"
"3972","Q8VHE6"
"3973","P79781"
"3974","P39872"
"3975","P62278"
"3976","Q24251"
"3977","Q9DAK4"
"3978","Q8BHG2"
"3979","Q0P5Y3"
"3980","P42685"
"3981","Q96AG4"
"3982","Q16851"
"3983","Q96NG3"
"3984","Q5F364"
"3985","Q96JJ3"
"3986","Q95M30"
"3987","A4IF78"
"3988","Q8BMC3"
"3989","Q9NRW7"
"3990","Q14416"
"3991","Q9NDG8"
"3992","O43511"
"3993","Q8NFP9"
"3994","Q7TT28"
"3995","Q8MVR1"
"3996","Q9Z139"
"3997","Q01240"
"3998","Q6GNT9"
"3999","P24792"
"4000","A8Y236"
"4001","P12822"
"4002","O60507"
"4003","P19137"
"4004","O60610"
"4005","P47137"
"4006","P48508"
"4007","Q8R4C0"
"4008","P05419"
"4009","P62155"
"4010","Q8INB9"
"4011","Q5EA75"
"4012","O88637"
"4013","Q9BRC7"
"4014","Q6IE52"
"4015","A1XQX2"
"4016","P54731"
"4017","Q03460"
"4018","P43006"
"4019","G3V7P1"
"4020","Q96FN5"
"4021","P53356"
"4022","C3YZ51"
"4023","Q5DRD5"
"4024","O15118"
"4025","Q59228"
"4026","Q9W6S5"
"4027","Q9FGY1"
"4028","Q5R8Z8"
"4029","Q7ZUB2"
"4030","P61354"
"4031","P27085"
"4032","P30050"
"4033","P61255"
"4034","Q9DG68"
"4035","Q0Z8U2"
"4036","P46778"
"4037","Q8AVY1"
"4038","P62335"
"4039","Q9NR30"
"4040","P83863"
"4041","Q49117"
"4042","Q15582"
"4043","Q6WV74"
"4044","Q4V7T8"
"4045","Q8RY89"
"4046","Q8VIG3"
"4047","Q9BI23"
"4048","Q7T2B9"
"4049","Q2KJA1"
"4050","Q6P698"
"4051","O35509"
"4052","P92208"
"4053","O43795"
"4054","Q502W6"
"4055","Q24145"
"4056","Q9P2S2"
"4057","Q06527"
"4058","P13706"
"4059","P13234"
"4060","Q9NYU2"
"4061","P31732"
"4062","O75131"
"4063","Q8VHI5"
"4064","Q7TSV4"
"4065","O88277"
"4066","Q8C0J2"
"4067","Q9EQG7"
"4068","Q810B6"
"4069","Q9XYM0"
"4070","Q5RAZ9"
"4071","Q1HR24"
"4072","Q90YV7"
"4073","Q56K03"
"4074","P83732"
"4075","O46160"
"4076","Q9IA76"
"4077","Q0PXY6"
"4078","P58375"
"4079","Q9BMX5"
"4080","P62752"
"4081","Q86Y56"
"4082","Q99020"
"4083","P08991"
"4084","P17078"
"4085","P18238"
"4086","Q6DRC4"
"4087","Q8UVY2"
"4088","Q32L63"
"4089","Q5ZJ39"
"4090","P59894"
"4091","P15090"
"4092","Q9H1V8"
"4093","F1LMZ8"
"4094","O88992"
"4095","Q3Y5Z3"
"4096","Q0MQI9"
"4097","Q9H446"
"4098","Q567I9"
"4099","Q9I927"
"4100","P15064"
"4101","A1L259"
"4102","Q6DII2"
"4103","Q6P8Y1"
"4104","Q9UBQ5"
"4105","Q96AX2"
"4106","Q8BTJ4"
"4107","Q8IV38"
"4108","P15062"
"4109","Q9H4G4"
"4110","Q6GNG3"
"4111","Q570Y9"
"4112","Q96JQ0"
"4113","P31596"
"4114","Q5VYK3"
"4115","Q86YQ8"
"4116","P48766"
"4117","A7MB45"
"4118","P07872"
"4119","Q9VQX4"
"4120","Q91YN5"
"4121","Q9NW15"
"4122","Q20636"
"4123","Q63191"
"4124","F1N9Y5"
"4125","Q28CH3"
"4126","P58027"
"4127","P12080"
"4128","Q9MYM4"
"4129","O04893"
"4130","Q9BYT9"
"4131","Q5SQM0"
"4132","A9ULE9"
"4133","Q8VI36"
"4134","Q9VVE5"
"4135","P18433"
"4136","P24942"
"4137","P00529"
"4138","Q9DE49"
"4139","Q02977"
"4140","Q6ZXV5"
"4141","Q8TB40"
"4142","Q5RI75"
"4143","Q5UQ27"
"4144","Q9NUJ3"
"4145","Q5R573"
"4146","A7E2Y6"
"4147","Q32NU8"
"4148","Q17QK8"
"4149","Q63340"
"4150","Q2PZL6"
"4151","Q6PFX9"
"4152","P31751"
"4153","P33545"
"4154","Q8N8S7"
"4155","Q64531"
"4156","Q80TF4"
"4157","Q8C525"
"4158","O70582"
"4159","Q62902"
"4160","B2LU20"
"4161","Q9UKM7"
"4162","P30337"
"4163","P34308"
"4164","A5A8Y8"
"4165","Q622K8"
"4166","P34519"
"4167","Q8WVQ1"
"4168","O35156"
"4169","O59819"
"4170","Q0P5N1"
"4171","Q90687"
"4172","Q32L27"
"4173","Q9Z336"
"4174","Q6NRP2"
"4175","Q9H2I8"
"4176","Q9D9B4"
"4177","Q495T6"
"4178","Q9CQ46"
"4179","Q5R546"
"4180","Q8NC51"
"4181","Q4PMB3"
"4182","P63018"
"4183","Q4R5P3"
"4184","Q9VNE9"
"4185","P84175"
"4186","Q12979"
"4187","O01802"
"4188","Q8WQI5"
"4189","O61463"
"4190","P62083"
"4191","Q96AJ9"
"4192","Q7T385"
"4193","Q02366"
"4194","Q8R059"
"4195","Q9CX00"
"4196","A1A4M6"
"4197","O73817"
"4198","Q9BEA9"
"4199","Q61831"
"4200","Q80U22"
"4201","Q07646"
"4202","Q6DBT3"
"4203","Q9FHN8"
"4204","Q61233"
"4205","Q91145"
"4206","Q6DHN0"
"4207","Q63448"
"4208","Q9BUH6"
"4209","P97346"
"4210","Q9UKG1"
"4211","Q4R5Y0"
"4212","Q9D903"
"4213","A8SMG2"
"4214","Q8C6G8"
"4215","Q148E0"
"4216","Q29P71"
"4217","Q149N8"
"4218","Q6RFH5"
"4219","Q5NDL3"
"4220","Q8IZJ3"
"4221","Q9D6M3"
"4222","Q9NZ94"
"4223","Q5R941"
"4224","Q8BUB4"
"4225","Q17LW0"
"4226","Q9UKN7"
"4227","Q9H4I3"
"4228","P97524"
"4229","P26369"
"4230","Q9ERE7"
"4231","P07032"
"4232","Q9D565"
"4233","Q9NDC9"
"4234","Q8MV48"
"4235","Q3T052"
"4236","P53603"
"4237","P05556"
"4238","Q08BI9"
"4239","Q90XF2"
"4240","Q9H1P6"
"4241","P20702"
"4242","A4IIL4"
"4243","Q9ES67"
"4244","Q62824"
